task,node_embedded,node_encoded,block_1,block_2,block_3
matbench_jdft2d_emb_fold0_dim8,-0.3137,-0.3661,-0.4165,-0.4541,-0.4581
matbench_jdft2d_emb_fold1_dim8,-0.3386,-0.2651,-0.3115,-0.3416,-0.3491
matbench_jdft2d_emb_fold2_dim8,-0.2813,-0.2431,-0.3787,-0.3943,-0.3964
matbench_jdft2d_emb_fold3_dim8,-0.2578,-0.3661,-0.4227,-0.4377,-0.4425
matbench_jdft2d_emb_fold4_dim8,-0.2975,-0.3677,-0.4227,-0.4280,-0.4449
matbench_phonons_emb_fold0_dim8,-0.3386,-0.3002,-0.2975,-0.3229,-0.4012
matbench_phonons_emb_fold1_dim8,-0.3232,-0.3185,-0.3622,-0.3644,-0.4395
matbench_phonons_emb_fold2_dim8,-0.2684,-0.3061,-0.3603,-0.3629,-0.3908
matbench_phonons_emb_fold3_dim8,-0.3168,-0.3329,-0.3144,-0.3297,-0.4339
matbench_phonons_emb_fold4_dim8,-0.2607,-0.2545,-0.2854,-0.2923,-0.3788
matbench_dielectric_emb_fold0_dim8,-0.2526,-0.2221,-0.2166,-0.1986,-0.2081
matbench_dielectric_emb_fold1_dim8,-0.2790,-0.2579,-0.2789,-0.3019,-0.3065
matbench_dielectric_emb_fold2_dim8,-0.2683,-0.2004,-0.2267,-0.1898,-0.1732
matbench_dielectric_emb_fold3_dim8,-0.2620,-0.2354,-0.2289,-0.2277,-0.2188
matbench_dielectric_emb_fold4_dim8,-0.2931,-0.1293,-0.1396,-0.1223,-0.1361
matbench_log_gvrh_emb_fold0_dim8,-0.2420,-0.2325,-0.2046,-0.1616,-0.1750
matbench_log_gvrh_emb_fold1_dim8,-0.2294,-0.2174,-0.1596,-0.1888,-0.1926
matbench_log_gvrh_emb_fold2_dim8,-0.2008,-0.1706,-0.2218,-0.1839,-0.1773
matbench_log_gvrh_emb_fold3_dim8,-0.2508,-0.1539,-0.1492,-0.1856,-0.1180
matbench_log_gvrh_emb_fold4_dim8,-0.2311,-0.2037,-0.1888,-0.1785,-0.1789
matbench_log_kvrh_emb_fold0_dim8,-0.2402,-0.0978,-0.0788,-0.0988,-0.1294
matbench_log_kvrh_emb_fold1_dim8,-0.1748,-0.1526,-0.1288,-0.1065,-0.0573
matbench_log_kvrh_emb_fold2_dim8,-0.2323,-0.1062,-0.1428,-0.1146,-0.1193
matbench_log_kvrh_emb_fold3_dim8,-0.2170,-0.0529,-0.0504,-0.1116,-0.0774
matbench_log_kvrh_emb_fold4_dim8,-0.2015,-0.1133,-0.1826,-0.1370,-0.1381
matbench_perovskites_emb_fold0_dim8,-0.1979,-0.0951,-0.0859,-0.0857,-0.0710
matbench_perovskites_emb_fold1_dim8,-0.3802,-0.0856,-0.0903,-0.0802,-0.1312
matbench_perovskites_emb_fold2_dim8,-0.4225,-0.1892,-0.1804,-0.1170,-0.2203
matbench_perovskites_emb_fold3_dim8,-0.3675,-0.1897,-0.1877,-0.1797,-0.1100
matbench_perovskites_emb_fold4_dim8,-0.2836,-0.2758,-0.2246,-0.1838,-0.1880
matbench_mp_gap_emb_fold0_dim8,-0.2383,-0.1565,-0.0909,-0.1206,-0.1082
matbench_mp_gap_emb_fold1_dim8,-0.2462,-0.1942,-0.1948,-0.1871,-0.1882
matbench_mp_gap_emb_fold2_dim8,-0.2326,-0.0400,-0.0309,-0.0047,-0.1074
matbench_mp_gap_emb_fold3_dim8,-0.1571,-0.0614,-0.0025,-0.0208,0.0133
matbench_mp_gap_emb_fold4_dim8,-0.1928,-0.1141,-0.1717,-0.2491,-0.1668
matbench_mp_e_form_emb_fold0_dim8,-0.1138,-0.0614,-0.0770,-0.0182,-0.0372
matbench_mp_e_form_emb_fold1_dim8,-0.1801,-0.0563,-0.0842,-0.0387,0.0169
matbench_mp_e_form_emb_fold2_dim8,-0.1548,-0.0701,-0.0521,-0.0974,-0.0558
matbench_mp_e_form_emb_fold3_dim8,-0.1515,-0.1044,-0.0861,-0.0715,-0.0703
matbench_mp_e_form_emb_fold4_dim8,-0.0889,0.0145,0.0288,0.0704,0.0732
matbench_jdft2d_emb_fold0_dim16,-0.3495,-0.3136,-0.4168,-0.4788,-0.4855
matbench_jdft2d_emb_fold1_dim16,-0.3457,-0.3675,-0.3967,-0.3981,-0.3909
matbench_jdft2d_emb_fold2_dim16,-0.2746,-0.1992,-0.2913,-0.2948,-0.2977
matbench_jdft2d_emb_fold3_dim16,-0.3827,-0.3106,-0.3353,-0.5102,-0.5306
matbench_jdft2d_emb_fold4_dim16,-0.3351,-0.3744,-0.4132,-0.4171,-0.4498
matbench_phonons_emb_fold0_dim16,-0.2453,-0.3307,-0.3800,-0.4087,-0.4415
matbench_phonons_emb_fold1_dim16,-0.2673,-0.3015,-0.3112,-0.3494,-0.3829
matbench_phonons_emb_fold2_dim16,-0.2584,-0.2677,-0.2938,-0.3531,-0.4149
matbench_phonons_emb_fold3_dim16,-0.2781,-0.3228,-0.3168,-0.3888,-0.3661
matbench_phonons_emb_fold4_dim16,-0.3262,-0.2967,-0.3148,-0.3977,-0.4357
matbench_dielectric_emb_fold0_dim16,-0.2354,-0.1545,-0.1721,-0.1525,-0.1462
matbench_dielectric_emb_fold1_dim16,-0.3261,-0.1996,-0.2115,-0.2229,-0.2137
matbench_dielectric_emb_fold2_dim16,-0.2329,-0.1920,-0.1320,-0.1351,-0.1296
matbench_dielectric_emb_fold3_dim16,-0.2368,-0.1502,-0.1103,-0.1090,-0.1399
matbench_dielectric_emb_fold4_dim16,-0.2123,-0.1809,-0.2026,-0.2009,-0.1955
matbench_log_gvrh_emb_fold0_dim16,-0.2318,-0.1626,-0.1794,-0.1267,-0.1072
matbench_log_gvrh_emb_fold1_dim16,-0.2370,-0.1767,-0.1827,-0.2054,-0.1765
matbench_log_gvrh_emb_fold2_dim16,-0.2113,-0.1310,-0.1233,-0.1408,-0.1324
matbench_log_gvrh_emb_fold3_dim16,-0.2664,-0.1479,-0.1810,-0.1907,-0.1811
matbench_log_gvrh_emb_fold4_dim16,-0.2245,-0.1693,-0.1539,-0.1362,-0.2029
matbench_log_kvrh_emb_fold0_dim16,-0.1917,-0.0613,-0.0785,-0.0368,-0.0258
matbench_log_kvrh_emb_fold1_dim16,-0.2575,-0.0961,-0.1489,-0.1164,-0.0592
matbench_log_kvrh_emb_fold2_dim16,-0.2380,-0.0757,-0.0339,-0.0590,-0.0260
matbench_log_kvrh_emb_fold3_dim16,-0.2088,-0.0081,0.0060,-0.0008,0.0139
matbench_log_kvrh_emb_fold4_dim16,-0.1999,0.0197,-0.0323,-0.0225,-0.0476
matbench_perovskites_emb_fold0_dim16,-0.2615,-0.1681,-0.1485,-0.1348,-0.0897
matbench_perovskites_emb_fold1_dim16,-0.2916,-0.0970,-0.1471,-0.0492,-0.1044
matbench_perovskites_emb_fold2_dim16,-0.2890,-0.0779,-0.0768,-0.1722,-0.1189
matbench_perovskites_emb_fold3_dim16,-0.3306,-0.0977,-0.0875,-0.0265,0.0009
matbench_perovskites_emb_fold4_dim16,-0.2352,-0.1453,-0.0662,-0.0695,-0.0635
matbench_mp_gap_emb_fold0_dim16,-0.2136,-0.0688,-0.0158,-0.0292,-0.0587
matbench_mp_gap_emb_fold1_dim16,-0.1768,-0.0497,-0.0500,-0.0843,-0.0664
matbench_mp_gap_emb_fold2_dim16,-0.1816,-0.1483,-0.0968,-0.1432,-0.1394
matbench_mp_gap_emb_fold3_dim16,-0.2315,-0.1244,-0.0092,-0.0085,0.0070
matbench_mp_gap_emb_fold4_dim16,-0.1835,-0.1566,-0.1708,-0.0878,-0.1197
matbench_mp_e_form_emb_fold0_dim16,-0.1326,0.0177,-0.0258,0.0067,0.0022
matbench_mp_e_form_emb_fold1_dim16,-0.0959,-0.0668,-0.0167,-0.0161,-0.0183
matbench_mp_e_form_emb_fold2_dim16,-0.1253,-0.0006,-0.0281,-0.0136,-0.0162
matbench_mp_e_form_emb_fold3_dim16,-0.1480,-0.0027,-0.0003,-0.0005,0.0205
matbench_mp_e_form_emb_fold4_dim16,-0.1203,-0.0313,-0.0364,-0.0694,-0.0818
matbench_jdft2d_emb_fold0_dim32,-0.2877,-0.4704,-0.4811,-0.4674,-0.4539
matbench_jdft2d_emb_fold1_dim32,-0.2724,-0.2914,-0.2828,-0.2913,-0.2940
matbench_jdft2d_emb_fold2_dim32,-0.2573,-0.3141,-0.3014,-0.3117,-0.3850
matbench_jdft2d_emb_fold3_dim32,-0.2920,-0.3168,-0.3570,-0.3440,-0.3464
matbench_jdft2d_emb_fold4_dim32,-0.3166,-0.3413,-0.4141,-0.4331,-0.4375
matbench_phonons_emb_fold0_dim32,-0.3341,-0.3248,-0.3885,-0.3457,-0.4501
matbench_phonons_emb_fold1_dim32,-0.3346,-0.2965,-0.2564,-0.3092,-0.4675
matbench_phonons_emb_fold2_dim32,-0.2199,-0.3172,-0.3226,-0.3775,-0.4295
matbench_phonons_emb_fold3_dim32,-0.3449,-0.3548,-0.3432,-0.3394,-0.3776
matbench_phonons_emb_fold4_dim32,-0.2935,-0.3437,-0.3865,-0.4067,-0.3633
matbench_dielectric_emb_fold0_dim32,-0.2125,-0.1476,-0.1676,-0.2583,-0.1671
matbench_dielectric_emb_fold1_dim32,-0.2326,-0.1968,-0.2076,-0.2059,-0.2141
matbench_dielectric_emb_fold2_dim32,-0.2350,-0.0972,-0.1305,-0.1523,-0.1448
matbench_dielectric_emb_fold3_dim32,-0.2365,-0.0814,-0.0791,-0.0828,-0.0852
matbench_dielectric_emb_fold4_dim32,-0.2603,-0.1706,-0.1794,-0.1764,-0.1800
matbench_log_gvrh_emb_fold0_dim32,-0.2056,-0.1338,-0.1307,-0.1416,-0.1360
matbench_log_gvrh_emb_fold1_dim32,-0.1943,-0.0626,-0.0890,-0.0773,-0.0794
matbench_log_gvrh_emb_fold2_dim32,-0.1901,-0.1255,-0.1179,-0.0869,-0.0963
matbench_log_gvrh_emb_fold3_dim32,-0.2190,-0.0869,-0.0791,-0.0753,-0.0872
matbench_log_gvrh_emb_fold4_dim32,-0.2026,-0.1028,-0.1097,-0.0812,-0.0734
matbench_log_kvrh_emb_fold0_dim32,-0.2385,-0.0875,-0.0773,-0.0621,-0.0701
matbench_log_kvrh_emb_fold1_dim32,-0.1851,-0.0250,-0.0323,-0.0407,-0.0232
matbench_log_kvrh_emb_fold2_dim32,-0.2271,-0.0440,0.0236,-0.0366,-0.0042
matbench_log_kvrh_emb_fold3_dim32,-0.2480,-0.0198,-0.0299,-0.0002,-0.0577
matbench_log_kvrh_emb_fold4_dim32,-0.2419,0.0047,0.0041,0.0375,0.0172
matbench_perovskites_emb_fold0_dim32,-0.3259,-0.1395,-0.0226,-0.0625,0.0065
matbench_perovskites_emb_fold1_dim32,-0.2613,-0.0883,-0.0661,-0.0789,-0.0932
matbench_perovskites_emb_fold2_dim32,-0.3133,-0.0285,-0.0640,-0.0496,0.0357
matbench_perovskites_emb_fold3_dim32,-0.3569,-0.0533,-0.0411,-0.0412,-0.0442
matbench_perovskites_emb_fold4_dim32,-0.3460,-0.0228,-0.0138,-0.0712,-0.0526
matbench_mp_gap_emb_fold0_dim32,-0.1998,-0.0903,-0.0394,-0.0339,-0.1428
matbench_mp_gap_emb_fold1_dim32,-0.2074,-0.0923,-0.1119,-0.0924,-0.1748
matbench_mp_gap_emb_fold2_dim32,-0.2249,-0.1012,-0.0750,-0.1657,-0.0247
matbench_mp_gap_emb_fold3_dim32,-0.2069,-0.0521,-0.1212,-0.1334,-0.0530
matbench_mp_gap_emb_fold4_dim32,-0.1799,-0.0795,-0.0065,-0.0622,-0.0938
matbench_mp_e_form_emb_fold0_dim32,-0.1370,-0.0204,-0.0054,-0.0113,0.0503
matbench_mp_e_form_emb_fold1_dim32,-0.1419,-0.0132,-0.0329,-0.0063,0.0351
matbench_mp_e_form_emb_fold2_dim32,-0.1688,0.0193,0.0554,0.0125,0.0114
matbench_mp_e_form_emb_fold3_dim32,-0.1406,0.0066,0.0545,0.0186,-0.0213
matbench_mp_e_form_emb_fold4_dim32,-0.1314,0.0040,0.0587,0.0345,0.0101
matbench_jdft2d_emb_fold0_dim64,-0.3340,-0.3743,-0.3905,-0.3753,-0.3729
matbench_jdft2d_emb_fold1_dim64,-0.2643,-0.3489,-0.3530,-0.3877,-0.4181
matbench_jdft2d_emb_fold2_dim64,-0.2346,-0.2923,-0.3662,-0.4097,-0.4014
matbench_jdft2d_emb_fold3_dim64,-0.2789,-0.3009,-0.3478,-0.3782,-0.3813
matbench_jdft2d_emb_fold4_dim64,-0.3191,-0.4030,-0.4146,-0.4154,-0.4088
matbench_phonons_emb_fold0_dim64,-0.2476,-0.2920,-0.2928,-0.3638,-0.4203
matbench_phonons_emb_fold1_dim64,-0.2660,-0.2255,-0.2736,-0.3216,-0.4728
matbench_phonons_emb_fold2_dim64,-0.2989,-0.3353,-0.3530,-0.3936,-0.4115
matbench_phonons_emb_fold3_dim64,-0.3265,-0.2857,-0.4074,-0.3659,-0.3986
matbench_phonons_emb_fold4_dim64,-0.2548,-0.2940,-0.3042,-0.3969,-0.4137
matbench_dielectric_emb_fold0_dim64,-0.2560,-0.0385,-0.0114,-0.0422,-0.0314
matbench_dielectric_emb_fold1_dim64,-0.2632,-0.1995,-0.2047,-0.2271,-0.2174
matbench_dielectric_emb_fold2_dim64,-0.2987,-0.0775,-0.0847,-0.0516,-0.0533
matbench_dielectric_emb_fold3_dim64,-0.2716,-0.0448,-0.0581,-0.0574,-0.1480
matbench_dielectric_emb_fold4_dim64,-0.1972,-0.0497,-0.0703,-0.0626,-0.0600
matbench_log_gvrh_emb_fold0_dim64,-0.2218,-0.0553,-0.0500,-0.0724,-0.0374
matbench_log_gvrh_emb_fold1_dim64,-0.2019,-0.1145,-0.0601,-0.0801,-0.0737
matbench_log_gvrh_emb_fold2_dim64,-0.2339,-0.0950,-0.0957,-0.0690,-0.0728
matbench_log_gvrh_emb_fold3_dim64,-0.2334,-0.0938,-0.0784,-0.1123,-0.1019
matbench_log_gvrh_emb_fold4_dim64,-0.2428,-0.0176,-0.0233,-0.0160,-0.0318
matbench_log_kvrh_emb_fold0_dim64,-0.2143,0.0298,0.0087,0.0067,-0.0059
matbench_log_kvrh_emb_fold1_dim64,-0.2001,0.0264,0.0206,-0.0220,-0.0227
matbench_log_kvrh_emb_fold2_dim64,-0.2494,0.0529,0.0032,0.0322,0.0641
matbench_log_kvrh_emb_fold3_dim64,-0.1776,0.0100,0.0014,-0.0179,0.0052
matbench_log_kvrh_emb_fold4_dim64,-0.2213,0.0287,-0.0171,0.0205,0.0345
matbench_perovskites_emb_fold0_dim64,-0.2956,-0.0554,-0.0515,-0.0523,-0.0524
matbench_perovskites_emb_fold1_dim64,-0.3322,-0.0517,0.0043,-0.0019,-0.0540
matbench_perovskites_emb_fold2_dim64,-0.3052,0.0066,-0.0268,-0.0788,-0.0339
matbench_perovskites_emb_fold3_dim64,-0.3390,-0.0229,-0.0919,-0.0487,-0.0584
matbench_perovskites_emb_fold4_dim64,-0.3359,-0.0388,-0.0422,-0.0492,-0.0481
matbench_mp_gap_emb_fold0_dim64,-0.2137,-0.1705,-0.1909,-0.0861,-0.1484
matbench_mp_gap_emb_fold1_dim64,-0.1524,-0.0776,-0.1205,-0.0561,-0.1624
matbench_mp_gap_emb_fold2_dim64,-0.2048,-0.0796,-0.1007,-0.1484,-0.1387
matbench_mp_gap_emb_fold3_dim64,-0.2146,-0.0224,-0.1209,-0.1162,-0.0556
matbench_mp_gap_emb_fold4_dim64,-0.1965,-0.0578,-0.0724,-0.0825,-0.1254
matbench_mp_e_form_emb_fold0_dim64,-0.1422,0.0394,0.0138,-0.0433,-0.0089
matbench_mp_e_form_emb_fold1_dim64,-0.0894,0.0621,0.0159,0.0145,0.0325
matbench_mp_e_form_emb_fold2_dim64,-0.1287,-0.0392,-0.0388,-0.0488,-0.0142
matbench_mp_e_form_emb_fold3_dim64,-0.1630,0.0231,0.0467,0.0004,0.0368
matbench_mp_e_form_emb_fold4_dim64,-0.1638,0.0475,-0.0003,0.0722,-0.0179
