task,node_embedded,node_linear,node_encoded,block_1,block_2,block_3
matbench_jdft2d_hm_fold0_dim8,0.2477,-0.3640,-0.4726,-0.4503,-0.4412,-0.4359
matbench_jdft2d_hm_fold1_dim8,0.1643,-0.3330,-0.3705,-0.3726,-0.3642,-0.3657
matbench_jdft2d_hm_fold2_dim8,0.1914,-0.3119,-0.3628,-0.3531,-0.3464,-0.3415
matbench_jdft2d_hm_fold3_dim8,0.2019,-0.3246,-0.4307,-0.4237,-0.4248,-0.4223
matbench_jdft2d_hm_fold4_dim8,0.2477,-0.4166,-0.4987,-0.4625,-0.4553,-0.4596
matbench_phonons_hm_fold0_dim8,0.2607,-0.3405,-0.3430,-0.3442,-0.3589,-0.3837
matbench_phonons_hm_fold1_dim8,0.2010,-0.2274,-0.3424,-0.3451,-0.3262,-0.3797
matbench_phonons_hm_fold2_dim8,0.2208,-0.3311,-0.3706,-0.4010,-0.4155,-0.3787
matbench_phonons_hm_fold3_dim8,0.2010,-0.2628,-0.3123,-0.3810,-0.3306,-0.2860
matbench_phonons_hm_fold4_dim8,0.2010,-0.3008,-0.3373,-0.3927,-0.4169,-0.3888
matbench_dielectric_hm_fold0_dim8,0.1404,0.2003,0.1458,0.0623,0.0852,0.0558
matbench_dielectric_hm_fold1_dim8,0.2447,0.0637,-0.0641,-0.0520,-0.1372,-0.0715
matbench_dielectric_hm_fold2_dim8,0.1404,0.0823,-0.0037,0.0215,0.0316,0.0429
matbench_dielectric_hm_fold3_dim8,0.1404,0.0783,-0.0129,-0.0016,0.0003,0.0394
matbench_dielectric_hm_fold4_dim8,0.2025,0.1050,0.0400,0.0267,0.0880,0.0889
matbench_log_gvrh_hm_fold0_dim8,0.2655,0.1874,0.1631,0.1328,0.0856,0.0975
matbench_log_gvrh_hm_fold1_dim8,0.2655,0.0886,0.0369,-0.0505,0.0255,0.0215
matbench_log_gvrh_hm_fold2_dim8,0.2655,0.1453,0.0906,0.0671,0.0584,0.0713
matbench_log_gvrh_hm_fold3_dim8,0.2655,0.1250,0.1704,0.1873,0.1419,0.1614
matbench_log_gvrh_hm_fold4_dim8,0.2655,0.1229,0.1497,0.1035,0.1112,0.1162
matbench_log_kvrh_hm_fold0_dim8,0.2655,0.1523,0.1567,0.1151,0.1213,0.1386
matbench_log_kvrh_hm_fold1_dim8,0.2655,0.2199,0.2143,0.1714,0.1907,0.1655
matbench_log_kvrh_hm_fold2_dim8,0.2655,0.2624,0.1969,0.1538,0.1646,0.1404
matbench_log_kvrh_hm_fold3_dim8,0.2655,0.1691,0.1608,0.1259,0.1051,0.0722
matbench_log_kvrh_hm_fold4_dim8,0.2655,0.1746,0.1152,0.1384,0.1086,0.1217
matbench_perovskites_hm_fold0_dim8,0.1964,-0.0786,-0.1124,-0.0916,-0.0659,-0.0686
matbench_perovskites_hm_fold1_dim8,0.1964,-0.0889,-0.0925,-0.0827,-0.1179,-0.0701
matbench_perovskites_hm_fold2_dim8,0.1964,-0.1055,-0.1599,-0.1646,-0.1319,-0.1443
matbench_perovskites_hm_fold3_dim8,0.1964,-0.1191,-0.1200,-0.0892,-0.0474,-0.0534
matbench_perovskites_hm_fold4_dim8,0.1964,-0.1404,-0.1021,-0.1129,-0.0873,-0.0717
matbench_mp_gap_hm_fold0_dim8,0.2655,0.1475,0.0562,-0.0194,0.0441,0.0174
matbench_mp_gap_hm_fold1_dim8,0.2655,0.1877,0.0994,0.0229,0.0488,0.0722
matbench_mp_gap_hm_fold2_dim8,0.2655,0.0902,-0.0274,-0.0096,-0.1048,-0.1284
matbench_mp_gap_hm_fold3_dim8,0.2655,0.1610,0.1357,0.1617,0.1654,0.1630
matbench_mp_gap_hm_fold4_dim8,0.2655,0.1129,0.0647,0.0173,0.0357,0.0427
matbench_mp_e_form_hm_fold0_dim8,0.2655,0.1087,0.0673,0.0618,0.0391,-0.0334
matbench_mp_e_form_hm_fold1_dim8,0.2655,0.1513,0.1648,0.1287,0.1462,0.0869
matbench_mp_e_form_hm_fold2_dim8,0.2655,0.1352,0.1398,0.1653,0.1402,0.1140
matbench_mp_e_form_hm_fold3_dim8,0.2655,0.0690,0.0415,0.0384,0.0373,0.0064
matbench_mp_e_form_hm_fold4_dim8,0.2655,0.0134,0.0315,0.0445,0.0902,0.0544
matbench_jdft2d_hm_fold0_dim16,0.2477,-0.1206,-0.2839,-0.4150,-0.4685,-0.4635
matbench_jdft2d_hm_fold1_dim16,0.1643,-0.2599,-0.3621,-0.3827,-0.4394,-0.4348
matbench_jdft2d_hm_fold2_dim16,0.1914,-0.1486,-0.2501,-0.2194,-0.2569,-0.3036
matbench_jdft2d_hm_fold3_dim16,0.2019,-0.1784,-0.3213,-0.3917,-0.4343,-0.4368
matbench_jdft2d_hm_fold4_dim16,0.2477,-0.2926,-0.4686,-0.2376,-0.2799,-0.3353
matbench_phonons_hm_fold0_dim16,0.2607,-0.3595,-0.3366,-0.3445,-0.4138,-0.3898
matbench_phonons_hm_fold1_dim16,0.2010,-0.3414,-0.4306,-0.4021,-0.4139,-0.4274
matbench_phonons_hm_fold2_dim16,0.2208,-0.3278,-0.3559,-0.4173,-0.4138,-0.4707
matbench_phonons_hm_fold3_dim16,0.2010,-0.3183,-0.3415,-0.3568,-0.3266,-0.4131
matbench_phonons_hm_fold4_dim16,0.2010,-0.3274,-0.3686,-0.3940,-0.3807,-0.4056
matbench_dielectric_hm_fold0_dim16,0.1404,0.2194,0.0870,-0.0415,-0.0550,-0.0920
matbench_dielectric_hm_fold1_dim16,0.2447,0.0685,-0.0422,-0.1117,-0.0968,-0.1018
matbench_dielectric_hm_fold2_dim16,0.1404,0.1080,-0.0634,-0.1178,-0.1084,-0.1001
matbench_dielectric_hm_fold3_dim16,0.1404,0.1574,-0.0157,-0.1401,-0.0759,-0.1260
matbench_dielectric_hm_fold4_dim16,0.2025,0.0711,0.0127,-0.0023,-0.0425,-0.0241
matbench_log_gvrh_hm_fold0_dim16,0.2655,0.1058,0.0436,0.0732,0.0185,0.0633
matbench_log_gvrh_hm_fold1_dim16,0.2655,0.1287,0.1134,0.1305,0.1019,0.0885
matbench_log_gvrh_hm_fold2_dim16,0.2655,0.1622,0.1593,0.1188,0.1154,0.1063
matbench_log_gvrh_hm_fold3_dim16,0.2655,0.1705,0.1612,0.1674,0.1733,0.1650
matbench_log_gvrh_hm_fold4_dim16,0.2655,0.0940,0.0546,0.0975,0.0357,0.1062
matbench_log_kvrh_hm_fold0_dim16,0.2655,0.0991,0.1831,0.1145,0.1342,0.1208
matbench_log_kvrh_hm_fold1_dim16,0.2655,0.1948,0.1371,0.1111,0.1351,0.1355
matbench_log_kvrh_hm_fold2_dim16,0.2655,0.0767,0.0746,0.0641,-0.0128,0.0457
matbench_log_kvrh_hm_fold3_dim16,0.2655,0.1320,0.1540,0.1298,0.1236,0.1141
matbench_log_kvrh_hm_fold4_dim16,0.2655,0.1324,0.1008,0.0951,0.1052,0.1237
matbench_perovskites_hm_fold0_dim16,0.1964,-0.0019,-0.0879,-0.1083,-0.0574,-0.0315
matbench_perovskites_hm_fold1_dim16,0.1964,-0.0945,-0.0629,-0.0737,-0.0226,-0.0249
matbench_perovskites_hm_fold2_dim16,0.1964,-0.0916,-0.0603,-0.0585,-0.0711,-0.0707
matbench_perovskites_hm_fold3_dim16,0.1964,0.0397,-0.0171,0.0044,-0.0172,-0.0008
matbench_perovskites_hm_fold4_dim16,0.1964,0.0659,-0.0437,-0.0177,-0.0785,-0.0577
matbench_mp_gap_hm_fold0_dim16,0.2655,0.0864,-0.0617,0.0083,-0.0977,-0.0060
matbench_mp_gap_hm_fold1_dim16,0.2655,0.1800,-0.0727,0.0022,-0.0231,-0.0318
matbench_mp_gap_hm_fold2_dim16,0.2655,0.0422,-0.0935,-0.1281,-0.0512,-0.0533
matbench_mp_gap_hm_fold3_dim16,0.2655,0.0589,-0.0275,0.0305,0.0325,-0.0041
matbench_mp_gap_hm_fold4_dim16,0.2655,0.0798,0.0001,-0.0288,-0.0036,0.0002
matbench_mp_e_form_hm_fold0_dim16,0.2655,0.1322,0.1600,0.1187,0.0513,0.0565
matbench_mp_e_form_hm_fold1_dim16,0.2655,0.0882,0.1477,0.0834,0.0694,0.0197
matbench_mp_e_form_hm_fold2_dim16,0.2655,0.1307,0.0886,0.0200,-0.0074,0.0774
matbench_mp_e_form_hm_fold3_dim16,0.2655,0.1892,0.0216,0.1093,0.0759,0.1013
matbench_mp_e_form_hm_fold4_dim16,0.2655,0.1156,0.0115,0.0928,0.0698,0.0780
matbench_jdft2d_hm_fold0_dim32,0.2477,-0.1807,-0.3606,-0.4668,-0.4549,-0.4692
matbench_jdft2d_hm_fold1_dim32,0.1643,-0.2368,-0.3798,-0.4205,-0.4195,-0.4162
matbench_jdft2d_hm_fold2_dim32,0.1914,-0.1856,-0.3684,-0.3587,-0.3500,-0.3368
matbench_jdft2d_hm_fold3_dim32,0.2019,-0.1427,-0.3989,-0.3840,-0.3766,-0.3533
matbench_jdft2d_hm_fold4_dim32,0.2477,-0.3223,-0.5105,-0.4933,-0.4799,-0.4755
matbench_phonons_hm_fold0_dim32,0.2607,-0.2467,-0.2949,-0.2932,-0.3352,-0.3902
matbench_phonons_hm_fold1_dim32,0.2010,-0.2074,-0.2279,-0.3150,-0.3141,-0.3949
matbench_phonons_hm_fold2_dim32,0.2208,-0.2392,-0.3474,-0.3398,-0.3611,-0.4589
matbench_phonons_hm_fold3_dim32,0.2010,-0.2959,-0.3521,-0.3631,-0.3643,-0.4147
matbench_phonons_hm_fold4_dim32,0.2010,-0.2902,-0.3560,-0.3738,-0.4193,-0.4319
matbench_dielectric_hm_fold0_dim32,0.1404,0.1974,0.1650,0.1893,0.1652,0.1495
matbench_dielectric_hm_fold1_dim32,0.2447,0.1363,0.0247,0.0277,0.0328,0.0105
matbench_dielectric_hm_fold2_dim32,0.1404,0.1287,0.0246,0.0616,0.0204,-0.0429
matbench_dielectric_hm_fold3_dim32,0.1404,0.1649,0.0961,0.0966,0.0963,0.1258
matbench_dielectric_hm_fold4_dim32,0.2025,0.1440,0.0369,0.0426,0.0097,0.0541
matbench_log_gvrh_hm_fold0_dim32,0.2655,0.1243,0.0461,0.1034,0.0793,0.0594
matbench_log_gvrh_hm_fold1_dim32,0.2655,0.1358,0.0691,0.0988,0.0823,0.0745
matbench_log_gvrh_hm_fold2_dim32,0.2655,0.1867,0.1513,0.1298,0.1439,0.1631
matbench_log_gvrh_hm_fold3_dim32,0.2655,0.1132,0.0434,0.0281,0.0010,0.0359
matbench_log_gvrh_hm_fold4_dim32,0.2655,0.1263,0.0811,0.0805,0.0757,0.0840
matbench_log_kvrh_hm_fold0_dim32,0.2655,0.1749,0.1163,0.0949,0.0575,0.0945
matbench_log_kvrh_hm_fold1_dim32,0.2655,0.2097,0.1596,0.1544,0.0941,0.0799
matbench_log_kvrh_hm_fold2_dim32,0.2655,0.2356,0.1226,0.1208,0.1218,0.1285
matbench_log_kvrh_hm_fold3_dim32,0.2655,0.1961,0.1266,0.1083,0.1526,0.1462
matbench_log_kvrh_hm_fold4_dim32,0.2655,0.2322,0.1703,0.1443,0.1519,0.1261
matbench_perovskites_hm_fold0_dim32,0.1964,-0.1149,-0.1631,-0.1222,-0.1305,-0.1097
matbench_perovskites_hm_fold1_dim32,0.1964,-0.1105,-0.1157,-0.0788,-0.0149,-0.0889
matbench_perovskites_hm_fold2_dim32,0.1964,-0.1096,-0.0847,-0.0195,-0.0820,-0.0698
matbench_perovskites_hm_fold3_dim32,0.1964,-0.1222,0.0599,-0.0350,0.0164,-0.0091
matbench_perovskites_hm_fold4_dim32,0.1964,0.0005,-0.1147,-0.0683,-0.0995,-0.0598
matbench_mp_gap_hm_fold0_dim32,0.2655,0.1246,0.0247,0.0627,0.1055,0.0620
matbench_mp_gap_hm_fold1_dim32,0.2655,0.1226,0.0547,0.0024,0.0680,-0.0061
matbench_mp_gap_hm_fold2_dim32,0.2655,0.0572,0.0852,0.0826,0.0768,0.0019
matbench_mp_gap_hm_fold3_dim32,0.2655,0.1746,0.0573,0.1135,0.0526,0.0822
matbench_mp_gap_hm_fold4_dim32,0.2655,0.1265,-0.0404,0.0575,0.0536,-0.0071
matbench_mp_e_form_hm_fold0_dim32,0.2655,0.1765,0.0142,0.0084,0.0141,-0.0822
matbench_mp_e_form_hm_fold1_dim32,0.2655,0.1031,0.0794,0.1065,0.0497,0.0340
matbench_mp_e_form_hm_fold2_dim32,0.2655,0.0736,0.0082,0.0280,0.0298,-0.0199
matbench_mp_e_form_hm_fold3_dim32,0.2655,0.1573,0.0081,0.0702,0.0322,0.0374
matbench_mp_e_form_hm_fold4_dim32,0.2655,0.0705,0.0984,0.0234,0.0855,0.0889
matbench_jdft2d_hm_fold0_dim64,0.2477,-0.2140,-0.3368,-0.3540,-0.4520,-0.4463
matbench_jdft2d_hm_fold1_dim64,0.1643,-0.2225,-0.3660,-0.3070,-0.3010,-0.3034
matbench_jdft2d_hm_fold2_dim64,0.1914,-0.0725,-0.3069,-0.3055,-0.3056,-0.3200
matbench_jdft2d_hm_fold3_dim64,0.2019,-0.2323,-0.2953,-0.2907,-0.4173,-0.4697
matbench_jdft2d_hm_fold4_dim64,0.2477,-0.2447,-0.4573,-0.4148,-0.4589,-0.4616
matbench_phonons_hm_fold0_dim64,0.2607,-0.2350,-0.2839,-0.2857,-0.3446,-0.2669
matbench_phonons_hm_fold1_dim64,0.2010,-0.1548,-0.3113,-0.3892,-0.3464,-0.3266
matbench_phonons_hm_fold2_dim64,0.2208,-0.2262,-0.3456,-0.3264,-0.3830,-0.3770
matbench_phonons_hm_fold3_dim64,0.2010,-0.3417,-0.3684,-0.3784,-0.3544,-0.3061
matbench_phonons_hm_fold4_dim64,0.2010,-0.2069,-0.3051,-0.3583,-0.3951,-0.3843
matbench_dielectric_hm_fold0_dim64,0.1404,0.2206,0.1499,0.1141,0.0227,0.0672
matbench_dielectric_hm_fold1_dim64,0.2447,0.1570,-0.0208,-0.0042,-0.0032,-0.0516
matbench_dielectric_hm_fold2_dim64,0.1404,0.2339,0.1151,0.1185,0.1195,0.1195
matbench_dielectric_hm_fold3_dim64,0.1404,0.1587,0.0642,0.0799,-0.0138,-0.0202
matbench_dielectric_hm_fold4_dim64,0.2025,0.2752,0.1425,0.1534,0.1665,0.1623
matbench_log_gvrh_hm_fold0_dim64,0.2655,0.0915,0.0694,0.0376,0.0528,0.1036
matbench_log_gvrh_hm_fold1_dim64,0.2655,0.1426,0.1238,0.1208,0.1387,0.0928
matbench_log_gvrh_hm_fold2_dim64,0.2655,0.1177,0.0848,0.0940,0.0507,0.0752
matbench_log_gvrh_hm_fold3_dim64,0.2655,0.1367,0.0541,0.1252,0.1209,0.0939
matbench_log_gvrh_hm_fold4_dim64,0.2655,0.1278,0.1301,0.1309,0.0756,0.1108
matbench_log_kvrh_hm_fold0_dim64,0.2655,0.1117,0.1328,0.1168,0.1267,0.1216
matbench_log_kvrh_hm_fold1_dim64,0.2655,0.1395,0.1153,0.1477,0.1373,0.1757
matbench_log_kvrh_hm_fold2_dim64,0.2655,0.1319,0.1248,0.1551,0.1526,0.1545
matbench_log_kvrh_hm_fold3_dim64,0.2655,0.1715,0.1505,0.1477,0.1404,0.1224
matbench_log_kvrh_hm_fold4_dim64,0.2655,0.1587,0.1129,0.1697,0.1757,0.0958
matbench_perovskites_hm_fold0_dim64,0.1964,-0.1063,-0.1458,-0.0931,-0.1462,-0.1675
matbench_perovskites_hm_fold1_dim64,0.1964,-0.0747,-0.1598,-0.1212,-0.1359,-0.1542
matbench_perovskites_hm_fold2_dim64,0.1964,-0.1085,-0.0698,-0.1800,-0.0940,-0.1539
matbench_perovskites_hm_fold3_dim64,0.1964,-0.0789,-0.1186,-0.1830,-0.1469,-0.1494
matbench_perovskites_hm_fold4_dim64,0.1964,-0.0433,-0.1186,-0.0355,-0.0763,-0.1273
matbench_mp_gap_hm_fold0_dim64,0.2655,0.1248,0.0873,0.0999,0.0558,0.0101
matbench_mp_gap_hm_fold1_dim64,0.2655,0.0187,0.0352,-0.0180,0.0743,0.0827
matbench_mp_gap_hm_fold2_dim64,0.2655,0.0918,0.0159,0.0100,-0.0154,0.0459
matbench_mp_gap_hm_fold3_dim64,0.2655,0.1133,0.0636,0.0093,0.0606,0.0324
matbench_mp_gap_hm_fold4_dim64,0.2655,0.0693,-0.0820,0.0407,0.0182,-0.0493
matbench_mp_e_form_hm_fold0_dim64,0.2655,0.0653,0.0190,0.0225,0.0111,0.0163
matbench_mp_e_form_hm_fold1_dim64,0.2655,0.0476,0.0583,0.0490,0.0121,0.0449
matbench_mp_e_form_hm_fold2_dim64,0.2655,0.1313,0.0373,0.0322,0.0418,0.0186
matbench_mp_e_form_hm_fold3_dim64,0.2655,0.1201,0.0326,0.0182,-0.0195,-0.0236
matbench_mp_e_form_hm_fold4_dim64,0.2655,0.0855,0.0577,0.0788,0.0393,0.0261
