Model,Method,Task,Fold,Dimension,Effective_Rank,Embedding_Entropy,Spectral_Radius,Spectral_Gap,Fiedler_Value,ARI,Silhouette,MAE
MEGNet,megnet_hm,matbench_jdft2d,0,8,5.503349975555513,2.0686796446093263,28.194015496903987,18.88363300781587,15.916808808241935,0.07335394628188438,-0.055320122009281054,35.54682159423828
MEGNet,megnet_hm,matbench_jdft2d,1,8,5.428656365336479,2.062654648728363,23.001887719025664,11.026476754088623,8.801396227132146,0.11922330855091147,-0.1603070052204354,53.650299072265625
MEGNet,megnet_hm,matbench_jdft2d,2,8,5.111406579593839,2.057262512734004,24.624314994874513,15.606942466995594,9.803214886248437,0.14469438610144994,-0.042843009623244305,72.97830200195312
MEGNet,megnet_hm,matbench_jdft2d,3,8,4.984070606447996,2.068215174080725,25.544096254946485,18.092827486726474,9.097382675069792,0.16072064380912307,-0.07482754171389848,45.44623947143555
MEGNet,megnet_hm,matbench_jdft2d,4,8,5.182245077374966,2.0686635215471427,26.289612792895344,18.144434404448866,9.728626234883771,0.03339494077166359,-0.10668394123503674,51.41798400878906
MEGNet,megnet_hm,matbench_phonons,0,8,5.695716791041648,2.061897231444859,20.69616632243804,12.942195100167329,9.211832241768256,0.05635237134952764,0.15702194290117538,37.15433120727539
MEGNet,megnet_hm,matbench_phonons,1,8,6.09565842090141,2.0641474602029852,19.998217804717765,14.48410091145358,9.126102374969404,0.09050199152523128,0.2186974214063121,31.56780433654785
MEGNet,megnet_hm,matbench_phonons,2,8,5.970036276321802,2.061678669531147,19.0923433336434,13.35308149022388,9.308984189615495,0.06646438722521378,0.22569456176090957,31.6718807220459
MEGNet,megnet_hm,matbench_phonons,3,8,5.943999688557419,2.078504487505966,18.455530090211813,11.564958005771054,10.24324051528625,0.054989366697047536,0.05692582873273713,31.14019203186035
MEGNet,megnet_hm,matbench_phonons,4,8,5.587099167322887,2.069616314003321,20.617866556043744,13.266855136027857,9.456850018821921,0.12774738458585277,0.11916510621656953,27.55644798278809
MEGNet,megnet_hm,matbench_dielectric,0,8,5.394975299356897,2.056079170316366,33.72035742029086,28.76155976510784,9.600079173705648,0.3118243591620341,0.18595053226723923,0.2190350592136383
MEGNet,megnet_hm,matbench_dielectric,1,8,5.519411375311242,2.0688891365415447,32.71525315487102,28.12542750593152,9.784104103570183,0.2721380394480064,0.2007426014721984,0.302244633436203
MEGNet,megnet_hm,matbench_dielectric,2,8,4.70945337825002,2.0542340282927407,39.540000342816654,34.2334032251436,8.850462282167747,0.4484474820696183,0.2670515962487058,0.4581956267356872
MEGNet,megnet_hm,matbench_dielectric,3,8,4.962366042661758,2.054508587740462,36.16786368934748,29.843081055807787,9.212432255279955,0.3859886857812169,0.24534816962837672,0.355884850025177
MEGNet,megnet_hm,matbench_dielectric,4,8,4.858285048149459,2.039419388706108,37.82149140469229,32.62121798956244,9.016453316086901,0.38097318759719107,0.23102613290819576,0.3252992331981659
MEGNet,megnet_hm,matbench_log_gvrh,0,8,6.1585792885875525,2.0574275351522724,24.754347220284973,16.745808658604773,12.351562288157277,0.40624298818715765,0.4068998210668267,0.095697320997715
MEGNet,megnet_hm,matbench_log_gvrh,1,8,6.055435257323618,2.0425706368580205,26.503677149187084,19.054341781025915,12.0057102059941,0.2817769523732623,0.31189424983601716,0.0980541706085205
MEGNet,megnet_hm,matbench_log_gvrh,2,8,6.29748601078327,2.045989387196286,24.99645530238291,18.003736791530272,12.308100770718886,0.41057928585705383,0.463985003554539,0.0946890637278556
MEGNet,megnet_hm,matbench_log_gvrh,3,8,6.032692815558233,2.038444101537803,27.246803435211294,20.725545185851306,11.662857132833212,0.2800249737642636,0.27334423566871396,0.0992141291499137
MEGNet,megnet_hm,matbench_log_gvrh,4,8,6.489482063946306,2.039069794691965,25.59976822183626,19.100340047557808,12.482085383553406,0.3561892182380897,0.41426652248537965,0.0992723032832145
MEGNet,megnet_hm,matbench_log_kvrh,0,8,6.325250885265803,2.0336026917969687,26.027996755077368,19.496901347955085,11.90901818010577,0.4556530396366125,0.43475523855207127,0.0662681236863136
MEGNet,megnet_hm,matbench_log_kvrh,1,8,6.2054900013117935,2.048378751794157,27.41877144724856,21.20039370506555,11.704851172256548,0.42071023345755376,0.45334237787237525,0.0686960890889167
MEGNet,megnet_hm,matbench_log_kvrh,2,8,6.6152087441380125,2.042925525924539,24.23221039949869,17.766468328584537,12.664862052518567,0.37933516315949983,0.361586955315178,0.0671212598681449
MEGNet,megnet_hm,matbench_log_kvrh,3,8,6.261720236844392,2.019994809796123,25.55435520606962,18.58142724544626,12.25483355227683,0.5312283251312878,0.34578507230325545,0.0752314403653144
MEGNet,megnet_hm,matbench_log_kvrh,4,8,6.514765047110235,2.0184929800753544,24.36322183258782,17.27148139637553,12.310310128571942,0.3236878597111267,0.3976777069630358,0.0679202303290367
MEGNet,megnet_hm,matbench_perovskites,0,8,6.749319375474191,2.0606180194393406,13.96933504779377,10.241662653212881,9.615838418416407,0.17598344701646218,0.2015124259518439,0.0452129356563091
MEGNet,megnet_hm,matbench_perovskites,1,8,6.887238717621073,2.0626390769636203,14.358284511954643,10.751189839465864,8.951542013309355,0.21876234299707717,0.20794009995527846,0.0420187599956989
MEGNet,megnet_hm,matbench_perovskites,2,8,6.619054042544302,2.0606939756058207,13.47497287246259,9.257363133054685,9.231788876260499,0.2137444023424044,0.2220343085524205,0.0446749813854694
MEGNet,megnet_hm,matbench_perovskites,3,8,6.6453561330823305,2.0656351532447723,13.655952564288887,9.55196885282291,9.376267251801142,0.15148315907775092,0.07126373518132219,0.0450346283614635
MEGNet,megnet_hm,matbench_perovskites,4,8,6.689306380305613,2.059729821581027,14.56725139104233,10.546121601886448,9.200126745863393,0.11345836063009064,0.03638273971732051,0.04295190051198
MEGNet,megnet_hm,matbench_mp_gap,0,8,6.648802004755282,2.0439962881703293,21.593268622038206,15.011376381072019,12.65127700745906,0.25434790954812453,0.18430039135097118,0.2865048944950104
MEGNet,megnet_hm,matbench_mp_gap,1,8,6.679989770230469,2.0232958810480426,22.603310996009128,17.00154810730315,12.922743677717467,0.3362114364796512,0.2027242058510042,0.2847338020801544
MEGNet,megnet_hm,matbench_mp_gap,2,8,6.130822450167237,2.0395995311261172,23.871557022170954,16.919977561115573,11.910725246414433,0.36338069323203914,0.2707163090421104,0.2795590460300445
MEGNet,megnet_hm,matbench_mp_gap,3,8,6.89668707135293,2.045628260945717,22.294507974714694,16.96111072870474,12.179987083683958,0.2561973852659348,0.13074028500667517,0.2729722857475281
MEGNet,megnet_hm,matbench_mp_gap,4,8,6.873963852832799,2.061842705717951,20.93447644533781,15.352096866839101,13.2584328063775,0.39223072551118865,0.08961015547494304,0.2903774678707123
MEGNet,megnet_hm,matbench_mp_e_form,0,8,6.733993285303139,1.9936770645779136,24.127136011858855,17.255556888430018,12.194727570204916,0.4123316994084939,0.24912465956929286,0.042295217514038
MEGNet,megnet_hm,matbench_mp_e_form,1,8,6.800277261151615,1.9627047767454049,23.543455379191908,15.873763507392907,12.72405550929153,0.4638200220197116,0.25433933042983425,0.0424300208687782
MEGNet,megnet_hm,matbench_mp_e_form,2,8,6.977795710327897,1.9600585195505205,23.162960974744827,15.638403688675776,12.954063717818704,0.43608100882855394,0.2636033762307951,0.042421244084835
MEGNet,megnet_hm,matbench_mp_e_form,3,8,6.8188583935557325,1.9496879909302076,24.24887715319897,16.472389050072707,12.206670164698629,0.3223509579700847,0.21492290143819665,0.0417401678860187
MEGNet,megnet_hm,matbench_mp_e_form,4,8,6.733340758211871,1.965187513293241,24.02604560546051,16.040089077713,12.334160955575552,0.35122014036443244,0.2803401480171524,0.043384451419115
MEGNet,megnet_hm,matbench_jdft2d,0,16,8.951851354750916,2.681532414250972,31.77089627179725,25.712560329772458,11.406436986473395,0.21651705267659874,0.07860900411126977,36.60160827636719
MEGNet,megnet_hm,matbench_jdft2d,1,16,9.87347478127311,2.751341922799413,28.255115408382654,20.2686740763538,14.45588693787995,0.10202961542086385,0.08133531394074749,53.81731796264648
MEGNet,megnet_hm,matbench_jdft2d,2,16,9.601929072200996,2.7524505599461984,28.106823380596442,22.114279269077937,10.047073879372517,0.2736696686562757,-0.014665138536850619,70.52222442626953
MEGNet,megnet_hm,matbench_jdft2d,3,16,9.587020322444586,2.725665868093511,32.81328447958606,27.60427041687064,12.702011670682685,0.18853105083132243,-0.0027923817440719113,37.49980163574219
MEGNet,megnet_hm,matbench_jdft2d,4,16,10.07323600655398,2.7160418651615466,26.10230515345923,18.312569932800134,12.339176984173035,0.14612735151814127,0.033855672997043416,54.82179641723633
MEGNet,megnet_hm,matbench_phonons,0,16,9.951416270111684,2.755352418580978,19.383251178822853,11.27460751184448,10.285744774028156,0.035920532307497456,0.12629216289603384,36.13421630859375
MEGNet,megnet_hm,matbench_phonons,1,16,10.718142932869164,2.743203549931927,18.785684021937872,12.085066334690776,10.602130969587842,0.09965801174477594,0.2606088877298302,34.048526763916016
MEGNet,megnet_hm,matbench_phonons,2,16,10.400739538861835,2.742756565629638,18.35418649994203,11.298260825003743,10.44729603218326,0.03368843165817994,0.1660774352751938,31.2317008972168
MEGNet,megnet_hm,matbench_phonons,3,16,10.544982342215077,2.7452408680815106,18.103781463148827,11.800123705841262,10.452210429172972,0.03343722633923107,0.2933233884039975,31.015586853027344
MEGNet,megnet_hm,matbench_phonons,4,16,10.745379352698242,2.7463458966844154,17.94416984819188,11.375666547517897,10.668304105386362,0.025543956970707847,0.25129621271468217,28.68390655517578
MEGNet,megnet_hm,matbench_dielectric,0,16,8.557920286140734,2.730037306407867,34.05375440952334,28.939412555879926,10.105002649074025,0.36368206042946655,0.24280568307176456,0.2248934805393219
MEGNet,megnet_hm,matbench_dielectric,1,16,8.394391313353575,2.755900082470137,36.08529977064764,32.1190077776522,9.598028105801,0.24863522298308074,0.019042818605629237,0.3129140436649322
MEGNet,megnet_hm,matbench_dielectric,2,16,8.372507764946928,2.733370711355358,36.795821234842784,31.928992412277662,9.517758947530393,0.3001297875701756,0.17244157639453964,0.442432165145874
MEGNet,megnet_hm,matbench_dielectric,3,16,8.78435386573989,2.7473044884682047,34.36014836505044,29.422009935062874,9.670996781577434,0.36353488183044147,0.22157337376066724,0.3425777554512024
MEGNet,megnet_hm,matbench_dielectric,4,16,8.28173134283692,2.737968086743937,34.169013920325625,28.7287566319364,10.4853148651701,0.40190484786360053,0.38594012859385046,0.3667110502719879
MEGNet,megnet_hm,matbench_log_gvrh,0,16,10.62683770797243,2.5887184750834367,25.011955248292974,17.629163202504238,12.925139403010737,0.315096251266464,0.39528293413057397,0.0990026146173477
MEGNet,megnet_hm,matbench_log_gvrh,1,16,10.223207222867012,2.514139674792438,26.462765200761712,18.462886173434498,12.643629275177782,0.3464485760771017,0.41772767193436844,0.0987881794571876
MEGNet,megnet_hm,matbench_log_gvrh,2,16,10.416902096225948,2.561353698325455,24.71074782134609,17.200716234236282,12.732364595147416,0.3508471845213748,0.36612220698557846,0.0917234942317009
MEGNet,megnet_hm,matbench_log_gvrh,3,16,10.449417145827189,2.567263281913961,25.203228080711227,18.031539816890373,12.87479497303467,0.32859306319949766,0.4716441182986641,0.0974393039941787
MEGNet,megnet_hm,matbench_log_gvrh,4,16,10.553851327093012,2.6287900553053074,25.53360524290546,19.027378835692186,12.784781724816192,0.4084767525414944,0.4839750946030428,0.0945558249950409
MEGNet,megnet_hm,matbench_log_kvrh,0,16,10.665988324162605,2.6182812186841056,24.987706768153522,18.789809414708348,13.211106728292854,0.2762869007740851,0.1767546026302947,0.0679345205426216
MEGNet,megnet_hm,matbench_log_kvrh,1,16,10.845666911955776,2.5840107296747377,25.996395923104746,20.029368191993346,12.758519571928955,0.41259309734724864,0.45400475401200646,0.0682474449276924
MEGNet,megnet_hm,matbench_log_kvrh,2,16,10.674159985583485,2.5955346645635546,25.093531327708384,19.524032969970506,13.055654502171855,0.33045897079276776,0.34074201809116994,0.0621614940464496
MEGNet,megnet_hm,matbench_log_kvrh,3,16,10.734752000101338,2.554643750526192,24.76618359718785,18.06889748766573,13.532246675970859,0.3536977491961415,0.4857560272025375,0.0721549019217491
MEGNet,megnet_hm,matbench_log_kvrh,4,16,11.113220724929386,2.59796723771837,24.774617167784953,18.745686709517003,12.958866455111757,0.3373680144218388,0.3981668580775682,0.0668515563011169
MEGNet,megnet_hm,matbench_perovskites,0,16,10.581367997507892,2.7113662950754778,14.852932938533717,11.159456148059977,8.809103879513486,0.13802818306024553,0.13733340461006155,0.0448449365794658
MEGNet,megnet_hm,matbench_perovskites,1,16,10.234685275389594,2.711601211733062,16.03779651901773,12.920458206741962,8.191752434701343,0.19119627440514375,0.087281258954048,0.048707365989685
MEGNet,megnet_hm,matbench_perovskites,2,16,10.074495663551167,2.6989013864316975,17.104587100690836,14.001642314344648,7.570517531547002,0.19273628672791776,0.05190688863361324,0.0453129708766937
MEGNet,megnet_hm,matbench_perovskites,3,16,10.552326205281501,2.7256145824378843,14.530482738549205,10.837804667134332,8.837553591379589,0.19091512279827635,0.16381021883121857,0.0449859872460365
MEGNet,megnet_hm,matbench_perovskites,4,16,10.28577490856349,2.72315942075386,14.226611373170988,10.298147898735023,9.223440732864974,0.31401250714570306,0.24596526464672447,0.0463507547974586
MEGNet,megnet_hm,matbench_mp_gap,0,16,10.640598694885593,2.605027335075196,21.521559858270113,15.893758701891745,13.139205522679182,0.3253648348432241,0.17292172407963338,0.2781075239181518
MEGNet,megnet_hm,matbench_mp_gap,1,16,11.157056852531056,2.730839371604163,21.296887153880693,16.343091707532412,13.179069392928508,0.3929667664557202,0.22230203769140885,0.2782747447490692
MEGNet,megnet_hm,matbench_mp_gap,2,16,10.914632452987805,2.678762383292953,21.646470924774484,16.116359544599046,13.284611181477468,0.2569590152468877,0.1378302663734224,0.2656760513782501
MEGNet,megnet_hm,matbench_mp_gap,3,16,11.211827324631956,2.626380234557821,21.333909642257336,15.711162129638225,13.121286343051672,0.3802163024572692,0.23831804430163223,0.2682055532932281
MEGNet,megnet_hm,matbench_mp_gap,4,16,10.972069993982487,2.6104036179634327,21.080573963472908,15.773444412038101,13.210519061134363,0.28135682703095094,0.20746760881807105,0.2747836112976074
MEGNet,megnet_hm,matbench_mp_e_form,0,16,11.589916344008511,2.579253544408762,22.70516540080004,15.323037585682709,13.355010505297805,0.3680719548862478,0.2959021671223403,0.0391453765332698
MEGNet,megnet_hm,matbench_mp_e_form,1,16,11.582544966847122,2.6046697410109214,22.57725736195534,15.009875932666443,13.72720759205245,0.39143422430849206,0.3135419197581961,0.0321328565478324
MEGNet,megnet_hm,matbench_mp_e_form,2,16,12.010218405343371,2.599835546188551,22.079528902162707,14.769628734397923,13.214395184162292,0.33085271317829457,0.30667803695693113,0.0362121574580669
MEGNet,megnet_hm,matbench_mp_e_form,3,16,11.793443283551603,2.614469603219031,22.956602776546198,15.523910974574589,12.927962669800902,0.35225801679180385,0.30101924686182324,0.0355830118060112
MEGNet,megnet_hm,matbench_mp_e_form,4,16,12.050574794435596,2.6276929064973413,22.206308824947488,14.459038920535729,13.43292240222968,0.32377126833150177,0.2907126081855335,0.0357566550374031
MEGNet,megnet_hm,matbench_jdft2d,0,32,17.000762058568853,3.442650892889543,26.306360945655637,21.381473748284208,12.954747328621556,0.25653771760154737,0.04945961632494696,34.29041290283203
MEGNet,megnet_hm,matbench_jdft2d,1,32,17.25201177146741,3.427092973623693,23.10811877064925,13.219170373960772,12.226699223337503,0.16884515133376807,0.14372552584257817,58.946075439453125
MEGNet,megnet_hm,matbench_jdft2d,2,32,16.766675376988232,3.431968963234182,25.283665921991993,17.4267587588825,13.020663895863596,0.13319435123441806,0.14150509533529207,72.61417388916016
MEGNet,megnet_hm,matbench_jdft2d,3,32,17.621699365186142,3.4288346411841433,23.799293898944175,16.69732928656879,13.246978959169217,0.2572356878543602,0.021335109808419687,33.99420928955078
MEGNet,megnet_hm,matbench_jdft2d,4,32,16.158906016005357,3.4368456954756392,28.96794550880716,22.89087350804861,12.482316347426192,0.14827101853734267,0.042509013785155585,53.33243179321289
MEGNet,megnet_hm,matbench_phonons,0,32,16.291549037161644,3.44517015325342,19.61146361750605,12.832836193568594,11.36567767270838,0.10531921118848382,0.0750671631318957,36.346981048583984
MEGNet,megnet_hm,matbench_phonons,1,32,17.534808174872925,3.447810702112193,18.028033996167398,12.739084674935965,11.367986159066238,0.15184167124793843,0.06823074859437776,33.763973236083984
MEGNet,megnet_hm,matbench_phonons,2,32,17.495364161079355,3.4396217019867645,18.332519506545562,12.892151482440806,11.266927324984227,0.09089086539661179,0.17120625406660037,35.508758544921875
MEGNet,megnet_hm,matbench_phonons,3,32,17.361314642325304,3.4503818940686433,18.254625848493383,12.629304141052272,11.69225633192145,0.1491442542787286,0.06810441099991674,33.169490814208984
MEGNet,megnet_hm,matbench_phonons,4,32,17.06908423746512,3.4458705344323217,19.996303361675988,14.457720603875018,11.711189158190054,0.024952118184375125,0.06308995653032073,31.989294052124023
MEGNet,megnet_hm,matbench_dielectric,0,32,16.120952345982154,3.4073704348097946,27.761205854333884,21.068112864179263,11.237460002858876,0.478522078702313,0.3466760161786976,0.2072653472423553
MEGNet,megnet_hm,matbench_dielectric,1,32,15.419741986639288,3.3960712322729636,28.369254455246598,22.60414055696315,10.588250192756437,0.351504946327089,0.22811258801597056,0.3075746595859527
MEGNet,megnet_hm,matbench_dielectric,2,32,15.497862356035803,3.4384723810476236,31.936690432740523,27.668355013592937,9.94698841260467,0.38747027809366275,0.3054842301001661,0.4348369240760803
MEGNet,megnet_hm,matbench_dielectric,3,32,15.605780229451426,3.412538879447926,28.129981497979706,21.84668912562497,10.809382298533171,0.30045212773873625,0.26635968072023647,0.3434158265590668
MEGNet,megnet_hm,matbench_dielectric,4,32,15.622667726391382,3.4228105103803563,29.67746848140534,24.988279840065488,10.465725685057572,0.33897906295141234,0.2459347639521613,0.3269305825233459
MEGNet,megnet_hm,matbench_log_gvrh,0,32,18.773165609372075,3.4024336552159955,22.275378887508534,15.49247754490984,13.67169472208529,0.3737844898999554,0.4051501151156684,0.0943138599395752
MEGNet,megnet_hm,matbench_log_gvrh,1,32,18.416531689542058,3.4207208013145745,22.99940227659038,16.873902752586382,13.177044308808917,0.43333734151001374,0.2516668023449512,0.0959092229604721
MEGNet,megnet_hm,matbench_log_gvrh,2,32,18.939348547737012,3.3786213026472516,22.52940308128259,16.422648603308456,13.410964765886991,0.42645289025195077,0.40815448215794586,0.0916943252086639
MEGNet,megnet_hm,matbench_log_gvrh,3,32,19.200962089822116,3.3995597533482638,22.534567006971088,16.3338717016137,13.13336296787053,0.3694972665346633,0.2928060044242513,0.0932576432824134
MEGNet,megnet_hm,matbench_log_gvrh,4,32,18.558627551789417,3.4185869718859587,22.368542419014666,16.486400663042446,13.527459634322176,0.37487775449291927,0.43159188543861404,0.0924016311764717
MEGNet,megnet_hm,matbench_log_kvrh,0,32,19.15599759117279,3.397903014830472,22.439838608015812,16.770885625752488,13.511388169431639,0.48335075765769014,0.29662930206968613,0.0664299428462982
MEGNet,megnet_hm,matbench_log_kvrh,1,32,18.42394326445835,3.3867540794543016,23.632569080520774,17.93402696036969,13.476373634473905,0.498264370091731,0.31238759648277414,0.065232902765274
MEGNet,megnet_hm,matbench_log_kvrh,2,32,18.885829807355833,3.3849271706746062,22.063795874765518,15.595923937734074,13.525333146806933,0.6468961605275286,0.2913847430150078,0.0624925605952739
MEGNet,megnet_hm,matbench_log_kvrh,3,32,19.004968667066855,3.3813567147737857,22.065441210533063,15.998074165377453,14.200989377014244,0.4512276211625077,0.2899804401568157,0.0703712925314903
MEGNet,megnet_hm,matbench_log_kvrh,4,32,18.997288718011934,3.3962854407556966,22.29013495837062,16.16474445801438,13.958190944672403,0.5151456536036211,0.3044792571620478,0.0656529515981674
MEGNet,megnet_hm,matbench_perovskites,0,32,17.493251429635205,3.3737626568802765,13.222155497444199,9.978649631530566,9.472052465383623,0.21857848001105265,0.2130025384728659,0.0406101420521736
MEGNet,megnet_hm,matbench_perovskites,1,32,17.596272931982924,3.389356617139169,13.506068435158243,10.462217631198948,9.200585695224108,0.15897558151415045,0.12305874529966986,0.0413478128612041
MEGNet,megnet_hm,matbench_perovskites,2,32,17.248747540937224,3.39038034037432,13.133853341112182,9.887286614790774,9.611777364704396,0.22763153018492668,0.11426500534740189,0.0405105650424957
MEGNet,megnet_hm,matbench_perovskites,3,32,17.447560786704447,3.3940803867122074,13.322614056726092,10.404756080433565,9.182612397039396,0.2681837032940991,0.24651499238598218,0.0385797321796417
MEGNet,megnet_hm,matbench_perovskites,4,32,17.469961497220012,3.3820924462714634,13.451974982019006,10.548359716000675,9.301583341955803,0.12346042579728723,0.09382168504890555,0.0407325588166713
MEGNet,megnet_hm,matbench_mp_gap,0,32,17.121051847700908,3.2965104800709186,20.1981423079233,15.455898256357255,14.05769002322027,0.3230978019608589,0.29113733751338927,0.2819198668003082
MEGNet,megnet_hm,matbench_mp_gap,1,32,17.084758971840373,3.262450614887294,19.82365380325969,15.217074963882144,14.573445755001993,0.25740379382209655,0.17466023592658372,0.262685477733612
MEGNet,megnet_hm,matbench_mp_gap,2,32,17.513087802722513,3.3050622080203085,20.54542535456793,16.190158215639936,13.786574358791947,0.3427116081021927,0.2619369923529346,0.2791180908679962
MEGNet,megnet_hm,matbench_mp_gap,3,32,17.366668468796675,3.2609213506450554,20.390080828279853,15.177597128495023,13.714722812513767,0.40177995300534475,0.23256057147570242,0.2755661010742187
MEGNet,megnet_hm,matbench_mp_gap,4,32,18.046781181363688,3.3495409191691206,19.949448649362953,15.218902712607605,14.052958330251865,0.25586564275457324,0.10767689112141705,0.2923040091991424
MEGNet,megnet_hm,matbench_mp_e_form,0,32,18.764760302329876,3.1893626010636202,22.27594637630389,15.425845834908838,13.900204680054271,0.40629009058041443,0.23744636018553225,0.0362151861190795
MEGNet,megnet_hm,matbench_mp_e_form,1,32,19.652833793684238,3.2681538411452413,22.008810583575432,15.107210079643455,13.690903244260692,0.29862965609759157,0.3249767731590255,0.0379595309495925
MEGNet,megnet_hm,matbench_mp_e_form,2,32,18.908206726898108,3.3287363821147875,21.757906106485695,15.262320616138865,14.357450803171853,0.3784606103526511,0.28412509131839925,0.0331404879689216
MEGNet,megnet_hm,matbench_mp_e_form,3,32,19.413946177280714,3.3256890696328427,21.855229440314286,15.60486774400151,13.425266026900587,0.39397334363531,0.2958597015681453,0.0330711975693702
MEGNet,megnet_hm,matbench_mp_e_form,4,32,19.806959424210724,3.3051372653823328,21.540980593075965,15.117986762671606,14.011246880336603,0.3557062767083546,0.2835560044317747,0.038706712424755
MEGNet,megnet_hm,matbench_jdft2d,0,64,24.29569116136353,4.105803604099217,28.318876306036483,24.25236129378244,11.846288260668342,0.3082155731894925,0.12362308963547199,35.8297119140625
MEGNet,megnet_hm,matbench_jdft2d,1,64,24.04444146280069,4.130589445901236,24.20830120826454,17.406797590370857,14.876555619801955,0.2836310711784243,0.047097752642846324,55.75334167480469
MEGNet,megnet_hm,matbench_jdft2d,2,64,23.928808481156135,4.125847726347464,23.069305744785677,17.358614433954394,15.552477449703662,0.14865820543411953,-0.006800651498437712,71.87427520751953
MEGNet,megnet_hm,matbench_jdft2d,3,64,23.137701225973775,4.122514355183037,29.067807836876778,25.32367755548468,11.587599735364604,0.16536511411676874,0.06353022011988739,37.88687133789063
MEGNet,megnet_hm,matbench_jdft2d,4,64,23.550734609231878,4.129145337341641,28.89243861108057,24.43427900421873,13.156016267604787,0.212498822516182,0.0059343637181252075,52.14669036865234
MEGNet,megnet_hm,matbench_phonons,0,64,23.956021288139013,4.1332416986773115,17.863857350763567,12.448223463725618,11.519645156284016,0.011474605214273298,0.1033333147564888,36.25010681152344
MEGNet,megnet_hm,matbench_phonons,1,64,24.50107788679542,4.138815836618022,17.560078079712497,12.583358054031272,11.323868705290588,0.10692022909217479,0.013281226744133286,32.47251892089844
MEGNet,megnet_hm,matbench_phonons,2,64,23.9117415298927,4.135951008492963,17.916248139275957,12.95960791590919,11.671607893210133,0.07494643361557593,0.16258780901598818,34.972835540771484
MEGNet,megnet_hm,matbench_phonons,3,64,24.235696799412576,4.136011112805306,17.815225948774582,12.8152661045198,11.872797972031357,0.047953527397103256,0.07783802950092825,33.33399200439453
MEGNet,megnet_hm,matbench_phonons,4,64,24.834428922875702,4.135439397517828,19.970802347661312,15.396077355273633,12.828135510449705,0.10124965751675266,0.1249737171449885,35.0939826965332
MEGNet,megnet_hm,matbench_dielectric,0,64,21.962649391413454,4.086496114289327,28.415263489580255,22.926494864381333,10.557485757356229,0.37334619173906963,0.23521692276424666,0.2130202800035476
MEGNet,megnet_hm,matbench_dielectric,1,64,21.699281907853905,4.084157388152413,28.812910002788662,23.37851766255377,10.047125492897793,0.3526927751190063,0.22428197464811397,0.3022615611553192
MEGNet,megnet_hm,matbench_dielectric,2,64,20.744841455335248,4.0978750762390685,33.15018502228229,28.57101634406176,9.745723183401072,0.38751195438716884,0.3149803809188884,0.4501666128635406
MEGNet,megnet_hm,matbench_dielectric,3,64,21.774448394340563,4.085904735389065,28.094752673950037,22.470528352781063,10.850510450212525,0.35611415130028956,0.2676071952916663,0.3334436416625976
MEGNet,megnet_hm,matbench_dielectric,4,64,22.126037766796422,4.10980915206035,27.43199942828484,22.131135233686983,11.074709144337048,0.4548328463399664,0.2779077066297899,0.3654540181159973
MEGNet,megnet_hm,matbench_log_gvrh,0,64,25.447787517748335,4.050916699017483,22.540114916388827,16.928952270997627,13.16806970583206,0.3285553575265759,0.24933190694347238,0.0911823511123657
MEGNet,megnet_hm,matbench_log_gvrh,1,64,25.259724846921213,4.0683486789179195,22.66677281012176,17.038743978211823,13.487002342776156,0.43063312966225586,0.3542468238087327,0.0962844565510749
MEGNet,megnet_hm,matbench_log_gvrh,2,64,24.286743298944078,4.03950093760259,23.58969146389073,17.50361239735946,12.943710961373679,0.35941492981983025,0.33376881795090974,0.0913755893707275
MEGNet,megnet_hm,matbench_log_gvrh,3,64,25.165598896009392,4.0599861367457475,22.6053406076628,16.91427287664353,13.21613903933623,0.3513571709034718,0.3955030268377665,0.0986748337745666
MEGNet,megnet_hm,matbench_log_gvrh,4,64,25.28834779092628,4.086980670030208,22.149129425420337,16.89969009268036,13.331311530197448,0.36218465344678935,0.34259218364236055,0.0972475185990333
MEGNet,megnet_hm,matbench_log_kvrh,0,64,26.573738741985576,4.0776423526363565,22.708535764512252,17.625088969821114,13.065958306142772,0.39538145228272265,0.2850367816948558,0.065236784517765
MEGNet,megnet_hm,matbench_log_kvrh,1,64,26.799347656377673,4.087944264259592,22.161083949250934,17.160800109310166,13.71643020394914,0.41305368812312976,0.2545078969573023,0.0698580890893936
MEGNet,megnet_hm,matbench_log_kvrh,2,64,25.907268855715774,4.070204468266639,23.340521986373435,17.922403352087144,13.365365787056488,0.4456628367936572,0.2372495590548127,0.0669507086277008
MEGNet,megnet_hm,matbench_log_kvrh,3,64,25.943002433483265,4.068047667585681,22.386698318947136,16.24259362430618,13.422840220163055,0.3346606805907997,0.32405972623693524,0.0705750361084938
MEGNet,megnet_hm,matbench_log_kvrh,4,64,26.255926214137542,4.088235255129529,22.35381323869967,17.404495226013648,13.70442320025129,0.5096827197683972,0.26073315564221433,0.0690255090594291
MEGNet,megnet_hm,matbench_perovskites,0,64,22.42884744165741,4.097968234408174,13.139991725337627,10.222749317216417,9.484317343476468,0.2073033415905902,0.14573625770023985,0.0399684123694896
MEGNet,megnet_hm,matbench_perovskites,1,64,22.472362241936793,4.106007261327425,13.113897559646722,10.128861451264386,9.56527192343877,0.09481038872211878,0.10476189675164946,0.0406812280416488
MEGNet,megnet_hm,matbench_perovskites,2,64,22.24170066787649,4.110453057415168,13.046245111007835,10.142366510978041,9.622091799335289,0.10028958412635697,0.06484846058494864,0.039883516728878
MEGNet,megnet_hm,matbench_perovskites,3,64,22.539099097110633,4.119943010812738,13.224438096666947,10.362500075437811,9.298118658885317,0.24874238973722407,0.17746392707691686,0.039680391550064
MEGNet,megnet_hm,matbench_perovskites,4,64,22.575141655418328,4.110959719359071,13.12181972960167,10.235607290018004,9.409096985037388,0.10794538300864712,0.14329700607535623,0.0385954827070236
MEGNet,megnet_hm,matbench_mp_gap,0,64,25.16781460009553,3.8722793182447304,19.81776648484786,15.605188543420441,14.816088749502187,0.38689410958382514,0.22096062426624466,0.280945211648941
MEGNet,megnet_hm,matbench_mp_gap,1,64,24.896051651106795,3.8948883213708574,20.16261841686906,15.893293228409469,15.056815216213444,0.22637852105415102,0.234860488393089,0.2701964676380157
MEGNet,megnet_hm,matbench_mp_gap,2,64,24.65484690552317,3.849742086791813,20.45816118954832,16.11683537393401,14.952133290228502,0.3474992661791544,0.26234240758364463,0.2650614380836487
MEGNet,megnet_hm,matbench_mp_gap,3,64,24.549833583452518,3.9016458826792793,20.170738732169763,16.14405972012174,14.840854305551582,0.3240237615736343,0.22336828494834565,0.2502917647361755
MEGNet,megnet_hm,matbench_mp_gap,4,64,25.499396090746004,3.8632594834216087,19.19823438370529,15.132720563281552,15.133616256844885,0.2801848231739826,0.14646165382033263,0.271128237247467
MEGNet,megnet_hm,matbench_mp_e_form,0,64,27.02061703600646,3.8689319276569902,21.18359078496932,15.252095479951823,14.351299615892277,0.36054986970807057,0.2773538229748277,0.0319565087556839
MEGNet,megnet_hm,matbench_mp_e_form,1,64,26.389406722853586,3.860909511517069,21.79989526897794,15.979584722638936,14.650539250094738,0.3681532919900479,0.3191051655923284,0.0372528135776519
MEGNet,megnet_hm,matbench_mp_e_form,2,64,27.040707168551915,3.8362619950826935,20.90896009842245,14.967466368861531,14.406505437042393,0.32989582098594705,0.25203265910122663,0.0383766032755374
MEGNet,megnet_hm,matbench_mp_e_form,3,64,26.133981167983066,3.850443607930419,21.260467571275147,15.39778527384308,14.689960169426033,0.3266985447524265,0.2872011244215439,0.0360947288572788
MEGNet,megnet_hm,matbench_mp_e_form,4,64,26.346941661657652,3.9011544879770312,21.011672672606267,15.214569955942292,14.594936405003063,0.40996046167977956,0.27625557536923545,0.0347906686365604
