Model,Method,Task,Fold,Dimension,Effective_Rank,Embedding_Entropy,Inverse_Squared_Distance,Spectral_Radius,Spectral_Gap,Fiedler_Value,ARI,Silhouette,QCI,MAE
CGCNN,cgcnn_emb,matbench_jdft2d,0,8,7.895121661338838,2.0681905691796327,0.04664008691410259,39.380842508523415,35.61906819364454,22.27445132556027,-0.0067255827462131814,0.09793591480204937,1.4845161179960387,47.5090217590332
CGCNN,cgcnn_emb,matbench_jdft2d,1,8,7.905497550241696,2.0725907386910536,0.043732676844746785,39.17844425758353,35.75554035074774,17.71932669784944,-0.002006608783962986,0.07995887400912076,2.179207204133347,60.2819938659668
CGCNN,cgcnn_emb,matbench_jdft2d,2,8,7.87154767007538,2.0711049297673583,0.03780685076498225,38.871720868894414,34.993820243714445,25.860289419366598,0.020818486203332928,0.1000837224692882,1.5782295839975373,76.24305725097656
CGCNN,cgcnn_emb,matbench_jdft2d,3,8,7.910260689720813,2.0674803225302503,0.04434313604627567,38.191307579932854,34.80541996380557,25.68175997057048,-0.009278608697097953,0.10520926548144521,1.615534405540061,43.12605667114258
CGCNN,cgcnn_emb,matbench_jdft2d,4,8,7.886378203073128,2.072898408013762,0.04251855519919031,39.24584912221238,35.04014448657939,23.31977495797276,0.002019227105901477,0.08148492112399278,1.6805757312896927,56.84969329833984
CGCNN,cgcnn_emb,matbench_phonons,0,8,7.835317515417504,2.057790688247293,0.0470276592639526,32.6419558123143,29.664339889383562,13.158857900641836,-0.015027256620710382,0.09015991830860572,1.5535041847238782,120.85586547851562
CGCNN,cgcnn_emb,matbench_phonons,1,8,7.915797804301414,2.063131585114398,0.04491652439458938,32.777917363030056,29.986957087555503,20.712516626014896,-0.04443603330809993,0.08966096686879182,1.5135751488320088,95.01361083984376
CGCNN,cgcnn_emb,matbench_phonons,2,8,7.860147645606931,2.0728731438465964,0.05188152526968418,32.329106074672076,28.770759927162526,18.597196504023817,0.005904509823882724,0.10609425896389685,1.4604440169495558,107.58792877197266
CGCNN,cgcnn_emb,matbench_phonons,3,8,7.841739729630275,2.0690155964206993,0.047508975053687105,33.14850297842378,30.412871908483424,14.588891708656215,-0.00842273080875503,0.07241914351160286,1.4186555535748337,106.3216552734375
CGCNN,cgcnn_emb,matbench_phonons,4,8,7.850655576140091,2.0723283718145242,0.046180936356359316,32.30678541239045,29.1688516914528,21.709279232442043,0.0018627019338232804,0.12511229013630648,1.505135548951174,83.64874267578125
CGCNN,cgcnn_emb,matbench_dielectric,0,8,7.879740006434417,2.0653622184727674,0.04465874693010559,40.95440394387807,36.80417710021482,23.756756160961196,0.012282601263649526,0.09773877872129584,1.604855839575211,0.416130393743515
CGCNN,cgcnn_emb,matbench_dielectric,1,8,7.881111219637887,2.0689318229334392,0.04633035998449737,40.73685468653288,36.48702368382993,23.504303450926923,-0.0048476392644213225,0.14198783983432978,1.7324357282858254,0.4816587567329407
CGCNN,cgcnn_emb,matbench_dielectric,2,8,7.8354359819756425,2.0621921229559463,0.047870684873302045,41.32642532755063,37.580704458287755,16.606900281190306,-0.00843710451072606,0.1178960246743678,1.6122993729143877,0.6333900690078735
CGCNN,cgcnn_emb,matbench_dielectric,3,8,7.908503337712244,2.069906815428853,0.04861018008528823,40.83925765598565,36.79584461737774,26.978597426958167,-0.007099180457689071,0.1187843551323543,1.5764197657764967,0.4796147644519806
CGCNN,cgcnn_emb,matbench_dielectric,4,8,7.895979721122222,2.072206907512529,0.0454114084396332,40.373932018365075,36.22138715151388,26.951044323285206,-0.007196958266694831,0.10033067385405806,1.4729917330275666,0.5495129823684692
CGCNN,cgcnn_emb,matbench_log_gvrh,0,8,7.880942329601584,2.0748332295349368,0.04822416678647598,43.1533420880921,39.010412864707156,28.308767150966013,-0.004943650760400519,0.07967728118145341,1.4326498475904725,0.1072946935892105
CGCNN,cgcnn_emb,matbench_log_gvrh,1,8,7.8955187094596155,2.0677285003636294,0.044569950867785695,43.18873083093778,38.67965682438599,23.842493632654495,0.02996350416790923,0.10082141588568325,1.405770056240137,0.130126342177391
CGCNN,cgcnn_emb,matbench_log_gvrh,2,8,7.90050646590924,2.0648017311780427,0.04398302725433042,42.78568562897091,38.400113971753235,30.532369318773622,-0.006144714291685826,0.08877592960940801,1.4317004286132637,0.1216098889708519
CGCNN,cgcnn_emb,matbench_log_gvrh,3,8,7.916843856497686,2.0738278812632664,0.04918536473825676,43.15594395682554,39.1289820187185,24.33253685446966,-0.0030076202036550003,0.08332628557362995,1.5390871576669898,0.1138070821762085
CGCNN,cgcnn_emb,matbench_log_gvrh,4,8,7.9144057680518,2.0727006041935745,0.047563247180394966,43.23922596684573,39.55840924811394,25.37608784300181,0.02013647590739733,0.09522740026326683,1.3931919506116677,0.1131841763854026
CGCNN,cgcnn_emb,matbench_log_kvrh,0,8,7.882963932293324,2.070086825322187,0.04524020910307796,42.78662492627212,38.42964452601507,28.131316546206577,-0.019218638294293284,0.11150469990613011,1.539721945701583,0.090876817703247
CGCNN,cgcnn_emb,matbench_log_kvrh,1,8,7.892168975554052,2.0762945621806503,0.045231873299272106,42.84749858627377,37.89188987784634,26.984014154102514,0.011533592108741322,0.10846058278265847,1.521277617876827,0.0929401218891143
CGCNN,cgcnn_emb,matbench_log_kvrh,2,8,7.897247756305575,2.0688435713871933,0.047800894008946354,43.15766376757173,39.04435063201593,25.73445947877712,0.025112755317554403,0.1272269618402971,1.5846021031874322,0.0866594761610031
CGCNN,cgcnn_emb,matbench_log_kvrh,3,8,7.955632669131802,2.076777800902752,0.048460927889861984,42.87593679585375,39.04920665161039,24.638343568105885,0.0018907008104989504,0.10926194388698447,1.4667535507873655,0.0883557051420211
CGCNN,cgcnn_emb,matbench_log_kvrh,4,8,7.921287801607825,2.0701843317174937,0.04387641489466435,42.92091543985053,38.766546527986925,27.250580976205665,0.059584879954400746,0.10759306339722145,1.4790664670971168,0.0895930007100105
CGCNN,cgcnn_emb,matbench_perovskites,0,8,7.860741627085154,2.062720999530205,0.04952674580876424,28.38418889285652,25.835631443376958,19.28565676959221,0.03502619239145363,0.14192073322864135,1.7567194699956123,0.0697182491421699
CGCNN,cgcnn_emb,matbench_perovskites,1,8,7.7822057861393645,2.05929053203989,0.04262379646738784,28.603797598769187,25.719589053121233,16.660963931927636,0.01021209740769835,0.12209213176526612,1.61100863704537,0.0786404982209205
CGCNN,cgcnn_emb,matbench_perovskites,2,8,7.888712244927677,2.070243474697869,0.05182668548368352,28.272408283008623,25.421186897778174,19.41493758540143,0.042505303525818786,0.13740296851171846,1.6261978468491887,0.0700287371873855
CGCNN,cgcnn_emb,matbench_perovskites,3,8,7.872536526804887,2.0657496137976095,0.051146825634212745,28.401318886245814,25.4996596368716,19.442643944350813,0.0549609967170982,0.1050742371792168,1.4563583497698172,0.0761086791753768
CGCNN,cgcnn_emb,matbench_perovskites,4,8,7.8578845820755046,2.0655179572762274,0.048843111473041184,28.601258513698514,25.811960435183288,15.13811740981266,0.02716126776694113,0.12225410863798111,1.8738987528633444,0.0780360549688339
CGCNN,cgcnn_emb,matbench_mp_gap,0,8,7.891124178537116,2.067513733299864,0.057576016810189715,43.47039486662872,39.60304255654917,21.56324613306267,0.07195260700694417,0.14616660931903314,1.6898608595907334,0.3424437344074249
CGCNN,cgcnn_emb,matbench_mp_gap,1,8,7.8621601134544745,2.0690167769340198,0.05297457569073537,42.97272010275813,38.296326059235284,23.9156273714619,0.00528484041446465,0.09396557056496845,1.4638312534836582,0.3417320251464844
CGCNN,cgcnn_emb,matbench_mp_gap,2,8,7.856245425750366,2.067007146674767,0.054190188499511564,43.36069920113055,38.70677217254533,18.991625069871823,0.03638745260255084,0.13616577191874385,1.6373621021489475,0.3622309863567352
CGCNN,cgcnn_emb,matbench_mp_gap,3,8,7.916638489484063,2.066858311764777,0.05237105839250104,42.987171152885864,38.74751153854173,21.301270309359644,0.018438593017884246,0.08937248684990005,1.9284231009858308,0.3807125389575958
CGCNN,cgcnn_emb,matbench_mp_gap,4,8,7.8900772301930875,2.072759545116868,0.05268634373572493,43.29446032360019,39.008144554323756,25.74821977476008,0.08302948366039849,0.15427390982657788,1.6789199962852266,0.3407089114189148
CGCNN,cgcnn_emb,matbench_mp_e_form,0,8,7.897892003301742,2.06793446802583,0.047539660687627,42.803768544124914,38.687414636502936,26.110415236441426,-0.0033028764805414553,0.09016160302273578,1.4938620145802395,0.2065497040748596
CGCNN,cgcnn_emb,matbench_mp_e_form,1,8,7.872327151395498,2.065717301917234,0.04586248239748855,43.022304043715785,38.657003371857954,24.342623975129733,0.010487934778155598,0.09475748990737677,1.6029173681672908,0.176656037569046
CGCNN,cgcnn_emb,matbench_mp_e_form,2,8,7.883526760640018,2.0633601822619543,0.047514890740227626,43.05248929383605,38.52516761945678,21.94422100669933,0.0040330024567233275,0.11523032299938735,1.5197895533784531,0.2023722380399704
CGCNN,cgcnn_emb,matbench_mp_e_form,3,8,7.917244330390809,2.0693544030612,0.044754278342932434,42.806091944211566,38.601060694297956,25.127246812595633,0.06492412576828417,0.13727829840382558,1.689274567625049,0.2021406292915344
CGCNN,cgcnn_emb,matbench_mp_e_form,4,8,7.894307208762164,2.062109757173001,0.04617633797549899,43.01889700401624,38.757993637089484,20.932378120950276,0.06786299508412934,0.11544714673497246,1.6194062013467327,0.1415694653987884
CGCNN,cgcnn_emb,matbench_jdft2d,0,16,15.46912291345995,2.756527206812529,0.023297490258368123,38.773307553085104,36.374257415885296,29.647283272863792,0.005023335480365451,0.06006957689434725,1.3162039693364433,33.801387786865234
CGCNN,cgcnn_emb,matbench_jdft2d,1,16,15.581712426776567,2.760486778769577,0.022392258497339154,38.14549830536584,36.151811650078336,28.1707516260211,0.005835836707585152,0.054462198768710376,1.2269674536093258,60.42766571044922
CGCNN,cgcnn_emb,matbench_jdft2d,2,16,15.528933233601142,2.7627190670619695,0.022559132233980397,38.37637223088157,36.633832181878226,25.444449096538214,0.025294260615950834,0.04186751815247649,1.1285109726517215,75.69554138183594
CGCNN,cgcnn_emb,matbench_jdft2d,3,16,15.483695562649794,2.7604092573782006,0.01989797078420623,37.746847585010826,35.57926382374137,26.153953990510317,0.0062764726162332545,0.035595070346409234,1.2373528817155297,40.55635452270508
CGCNN,cgcnn_emb,matbench_jdft2d,4,16,15.556837202729481,2.7626309701688507,0.02095778719101911,38.78505725895146,36.6343589217801,29.652988126118345,0.020330214001268183,0.06646460704818993,1.2644059840407746,55.61809539794922
CGCNN,cgcnn_emb,matbench_phonons,0,16,15.337300490936219,2.7535754742432346,0.021785599019794096,31.62882614456098,29.56803495419718,19.948103183236885,-0.017135499207606972,0.07310733366906706,1.4840924589564337,130.562744140625
CGCNN,cgcnn_emb,matbench_phonons,1,16,15.500015190548266,2.760165057453311,0.02349470763109402,32.12872179554748,30.45179747265757,21.493329635239146,0.0004483299708585519,0.05679156228918548,1.4316151169586355,74.40170288085938
CGCNN,cgcnn_emb,matbench_phonons,2,16,15.459318542684287,2.7642324241586076,0.023028313717208745,31.61879910359744,29.990428447198894,23.578457917776916,0.018373729476153244,0.05703883426156295,1.4542046451838104,99.0715789794922
CGCNN,cgcnn_emb,matbench_phonons,3,16,15.501647258639746,2.7633556281594016,0.02531403552404301,32.166344687271,30.17185207195969,23.739382696065125,-0.03721138758125981,0.056015815906269285,1.1786571355834108,89.39512634277344
CGCNN,cgcnn_emb,matbench_phonons,4,16,15.466223260751097,2.7454767078221414,0.02361388073541299,32.09118346620215,30.2488742881075,23.40213141243206,-0.012915761801348725,0.06040781359582545,1.1478173303548793,97.2642822265625
CGCNN,cgcnn_emb,matbench_dielectric,0,16,15.461506661306245,2.7641606064685895,0.02275543016506012,40.511028569128776,38.31024799788685,26.348924444755955,0.008435790952995282,0.03961873225306352,1.2173147266794078,0.3809032738208771
CGCNN,cgcnn_emb,matbench_dielectric,1,16,15.56585773523906,2.758823519556399,0.024049160849029843,39.85623381456692,37.46130166843556,28.39091884372992,-0.0037487133002504264,0.045130749007131016,1.1949508011149244,0.494316041469574
CGCNN,cgcnn_emb,matbench_dielectric,2,16,15.521853928786737,2.7611326748795255,0.02355876038451941,40.28253324076671,37.960490143145265,24.171739359765688,-0.0018252229946354316,0.06573818501639295,1.155268340674838,0.5793142318725586
CGCNN,cgcnn_emb,matbench_dielectric,3,16,15.64032497131875,2.7650040930487743,0.02286636698976114,40.323370532767065,38.156352218284624,26.554846207262482,0.010395686919379324,0.07648981373278912,1.1989468312163307,0.5216547250747681
CGCNN,cgcnn_emb,matbench_dielectric,4,16,15.54292761293196,2.7603963848888857,0.0233451597016574,39.90045953713278,37.83753444796669,28.532281389434207,0.027854621768577698,0.055415149584678365,1.1574478408290008,0.5217497944831848
CGCNN,cgcnn_emb,matbench_log_gvrh,0,16,15.553024938931598,2.7579884431967487,0.02262582339478073,42.324502369885444,39.75822336243331,32.73462239693253,0.019130390392689867,0.034817579209041355,1.3533615760199993,0.1119535788893699
CGCNN,cgcnn_emb,matbench_log_gvrh,1,16,15.586895846886565,2.764612900301468,0.021622991230137126,42.25256762007061,39.85846314522118,32.085034976626076,-0.01738457498998107,0.057480095366349564,1.0901455554495598,0.111732006072998
CGCNN,cgcnn_emb,matbench_log_gvrh,2,16,15.53867213813151,2.761609823756563,0.02200554517297337,42.386828185753025,40.04183407307387,29.185405640628353,-0.017575733107244272,0.05005468609759668,1.1856289466242038,0.1137584596872329
CGCNN,cgcnn_emb,matbench_log_gvrh,3,16,15.592394611579905,2.761588401022138,0.02187049090082696,42.29484092410541,39.96478901071789,33.589095192544754,0.025440313111545987,0.04289422280144888,1.357615251541448,0.1262623965740203
CGCNN,cgcnn_emb,matbench_log_gvrh,4,16,15.602307043015193,2.7652586994922532,0.022543697118239,42.45879045680143,40.236657868604006,25.709714745528842,0.0009097907481279305,0.05778310830042608,1.1137739810877765,0.1158003658056259
CGCNN,cgcnn_emb,matbench_log_kvrh,0,16,15.633300452433241,2.766657503938396,0.023724789024860013,42.321911780705896,39.94281726775871,30.070122820078513,-0.016853857198448802,0.047801266912641714,1.3153279883335756,0.083310067653656
CGCNN,cgcnn_emb,matbench_log_kvrh,1,16,15.541425877541593,2.760005045180403,0.02127444236401956,42.48359926936919,40.17725397423946,27.481643765977807,0.0036301684031190616,0.05128633098146129,1.3889300551256332,0.0862595736980438
CGCNN,cgcnn_emb,matbench_log_kvrh,2,16,15.591652350361661,2.753855989913627,0.02294588641372971,42.4954842130736,40.27808271942846,27.224883926538347,0.016819876105959912,0.04474432215135836,1.2081390708287276,0.0844942256808281
CGCNN,cgcnn_emb,matbench_log_kvrh,3,16,15.565473571160576,2.7587659358274674,0.023450231247256075,42.47574535989825,39.93410277750421,28.52671263121169,-0.021091508062129227,0.02404323687986995,1.0904567270606758,0.0883329510688781
CGCNN,cgcnn_emb,matbench_log_kvrh,4,16,15.640195939360604,2.7512739553259618,0.023343724165683442,42.26159934245899,40.24504380310784,31.818730112829694,-0.026901632005209394,0.02713266647005374,1.0445630127062893,0.0871691480278968
CGCNN,cgcnn_emb,matbench_perovskites,0,16,15.55492544056588,2.761148727095557,0.022107704768957334,27.960536497635974,26.4950944687136,22.45608197012381,-0.026452822328681524,0.05911795936720744,1.1764403078941663,0.0651943013072013
CGCNN,cgcnn_emb,matbench_perovskites,1,16,15.369346421106423,2.759749201149346,0.02091495563106822,28.114945287157898,26.675604819126303,18.755842485650515,-0.024054585405342895,0.04048884576439615,1.149661941427551,0.0640009269118309
CGCNN,cgcnn_emb,matbench_perovskites,2,16,15.33152920831063,2.7619148407019942,0.022145874665945624,28.01819670354032,26.463348013005614,21.922067071911005,0.01188212927756654,0.049693592983199086,1.2376057080552452,0.0643138587474823
CGCNN,cgcnn_emb,matbench_perovskites,3,16,15.396679026018367,2.7591960774654094,0.022299240547532625,28.33156994372108,27.013702869738076,16.301872377978945,-0.02873272021567465,0.05086787269056469,1.6261780028587376,0.0627612099051475
CGCNN,cgcnn_emb,matbench_perovskites,4,16,15.50418615434797,2.7596063080380513,0.022460487306249624,27.916905531224156,26.3921446616686,21.545570813028174,-0.008567937610933172,0.048086730433105976,1.1398760043455005,0.0664164498448371
CGCNN,cgcnn_emb,matbench_mp_gap,0,16,15.514217333505908,2.7607967786005476,0.025391478051171604,42.53265168520705,40.239014063679114,27.53932576523811,0.011465945334894425,0.06609290112667196,1.2093748903104222,0.3022975027561188
CGCNN,cgcnn_emb,matbench_mp_gap,1,16,15.629255469749536,2.760571927365338,0.025554132349703752,42.44634345916913,40.30078187759017,23.472077228035314,0.032314330303864866,0.04600754722747028,1.1826005503606947,0.2991625666618347
CGCNN,cgcnn_emb,matbench_mp_gap,2,16,15.60554132047479,2.7570643615799826,0.025310700666800266,42.421299051855726,39.950693304229546,29.2409116677876,0.004244493539532704,0.060695412970177415,1.2611056774031133,0.312005341053009
CGCNN,cgcnn_emb,matbench_mp_gap,3,16,15.61241864320879,2.7559144462575205,0.023513403456573666,42.284574101747275,39.83246469459256,28.419417231059015,-0.007984199689036433,0.0450031775731778,1.0568836353545377,0.3263181746006012
CGCNN,cgcnn_emb,matbench_mp_gap,4,16,15.614779395381749,2.761591451373514,0.027376491005466654,42.53913233743416,40.149907644924596,26.017881033081398,0.0373696448212968,0.039805545808816234,1.070446352806033,0.3037856817245483
CGCNN,cgcnn_emb,matbench_mp_e_form,0,16,15.613490335837955,2.7653132693948193,0.02226049806922486,42.18526050368255,39.99224047536489,32.50916827566898,0.04698577954912088,0.04356237520338524,1.0793907958761857,0.1088057234883308
CGCNN,cgcnn_emb,matbench_mp_e_form,1,16,15.589240003404507,2.760316805208495,0.023677533073181198,42.474990975978585,40.257225911442056,29.053815023901645,-0.012911024523230842,0.041515915611265226,1.5438731628032123,0.1544148921966552
CGCNN,cgcnn_emb,matbench_mp_e_form,2,16,15.518459086483574,2.7598713481613775,0.023081716002828254,42.275346740374786,39.806771223677195,28.237943793458932,0.0024487418761333702,0.03959459970799347,1.2546897380373747,0.1552591174840927
CGCNN,cgcnn_emb,matbench_mp_e_form,3,16,15.577609235287834,2.7622857675850048,0.023566923777903658,42.203935709853305,39.554608551552285,31.423856349603764,0.01995067443750947,0.048016387141618336,1.1262230041343388,0.1876784414052963
CGCNN,cgcnn_emb,matbench_mp_e_form,4,16,15.665836044670671,2.765166786154981,0.022905661792432315,42.169987804498355,40.00755377853677,27.190830962826062,0.0006796776386056899,0.04417683603255292,1.0095955349850743,0.108472928404808
CGCNN,cgcnn_emb,matbench_jdft2d,0,32,29.859923339958673,3.451382487268431,0.011200232080385524,38.41220600170758,37.211975112053146,31.833065784643676,-0.03070228230174529,-0.006124932647798468,1.1028298282228042,35.546417236328125
CGCNN,cgcnn_emb,matbench_jdft2d,1,32,30.039342697304956,3.444789531363197,0.010831211767058183,37.949609102480196,36.86177757413788,30.582571702615247,0.02009976309942467,0.007654384816199477,1.1098798385487119,60.74628448486328
CGCNN,cgcnn_emb,matbench_jdft2d,2,32,30.021692577098197,3.4488632042952543,0.01101877788363454,37.88197007052413,36.84310487561985,28.2463993884616,-0.012819837843529535,0.00848230312949856,1.4410770313258667,74.09516906738281
CGCNN,cgcnn_emb,matbench_jdft2d,3,32,29.924375294490883,3.449132699437685,0.010934924850483033,37.48940307976658,36.29688681982889,28.21634660377106,0.012591038748443887,0.011128210981777251,1.0266307406224155,45.19647979736328
CGCNN,cgcnn_emb,matbench_jdft2d,4,32,30.214024171172134,3.4527661057329757,0.010639944929782565,38.34326341928702,36.98432194963516,29.596187358706292,-0.028662671535646125,0.003535046274175268,1.0656517997615413,54.82109069824219
CGCNN,cgcnn_emb,matbench_phonons,0,32,29.285773592553454,3.4489948438480416,0.011299363666817334,31.346062841270033,30.241549081950623,24.49385037528323,-0.0016473177591044025,0.012980736463995744,0.9480210249787531,128.8140106201172
CGCNN,cgcnn_emb,matbench_phonons,1,32,29.78023792852145,3.4545101859940153,0.011106213624612005,31.824178722714855,30.761933517041065,25.074136664103502,-0.018689128718083706,-0.005355067174799466,0.9708921192874779,83.5193099975586
CGCNN,cgcnn_emb,matbench_phonons,2,32,29.708556465385488,3.4476853072821187,0.010766058426116906,31.404910715103465,30.62819870905199,25.82386742165091,0.014455242467158276,0.011512431940232713,1.3903027043028038,106.9537353515625
CGCNN,cgcnn_emb,matbench_phonons,3,32,29.519436190964512,3.448889462241577,0.010977803341953425,31.91698059691205,31.032070897159315,24.52736658762991,-0.01009466635880859,0.004536242847513733,0.939823445777804,99.46365356445312
CGCNN,cgcnn_emb,matbench_phonons,4,32,29.627947925398463,3.450299951203194,0.010841440387442074,31.890130511381187,30.898038934668726,23.34598076843687,-0.03763982375883535,-0.009552632705393513,0.9554568673577815,101.67054748535156
CGCNN,cgcnn_emb,matbench_dielectric,0,32,30.059529882533322,3.450170611204835,0.011184355327749482,39.96402089611034,38.66401230792609,30.692175767412568,0.012249983108848068,0.015459037036592804,0.9625096509300781,0.3890386521816253
CGCNN,cgcnn_emb,matbench_dielectric,1,32,30.040943000880784,3.4522897144970486,0.011203634164622838,39.37374092853628,37.95264954200721,30.591798192960415,-0.0003044740598975041,0.02214429925610644,0.9535945138996536,0.5022698044776917
CGCNN,cgcnn_emb,matbench_dielectric,2,32,30.08668024408979,3.456826296648207,0.011290515863028207,40.027571788524725,38.85309034496147,32.07014549509214,-0.016592535841721823,0.01788820982766067,1.0301153258732818,0.5623272657394409
CGCNN,cgcnn_emb,matbench_dielectric,3,32,30.081712577555137,3.4539018680651066,0.010587957743966592,39.92867673141459,38.59942712885496,28.274767892754287,0.003035853249339421,0.0010574112883790336,1.2416356989116724,0.5090243220329285
CGCNN,cgcnn_emb,matbench_dielectric,4,32,30.186058246742355,3.452490875813594,0.010548390240196867,39.362626974829546,38.199033052471655,32.94055710425133,-0.005601447565101093,0.01527086277303129,0.9644616247360069,0.5738855600357056
CGCNN,cgcnn_emb,matbench_log_gvrh,0,32,30.252223771711193,3.4567130703317503,0.011543819372203348,42.01895314863207,40.67126431612289,31.814265526572946,-0.01016563860899327,0.00923631262280219,1.1722852042102727,0.1121407896280288
CGCNN,cgcnn_emb,matbench_log_gvrh,1,32,30.179233341638298,3.4578342277761953,0.010698497318940854,42.01341725341438,40.88213270367837,31.694848105626157,0.03811515176362866,0.011047146798465416,0.8121743667111176,0.1134194433689117
CGCNN,cgcnn_emb,matbench_log_gvrh,2,32,30.32313033190624,3.453754553758708,0.01078409052982738,41.861777346269754,40.62663140807173,32.76957189204727,-0.01318751121974122,0.030321654427705392,0.8711646381370483,0.1180738732218742
CGCNN,cgcnn_emb,matbench_log_gvrh,3,32,30.130026972560906,3.45583985986766,0.010866713670889462,42.06456623570611,40.76925865701503,26.076512744236428,-0.016987826270459912,0.011396749260706685,0.995095261414406,0.1097217425704002
CGCNN,cgcnn_emb,matbench_log_gvrh,4,32,30.24497722638089,3.454220847982462,0.01077710054556735,41.94385848655909,40.75532750889695,34.89024201035181,-0.026782162335579084,0.019512015995639082,0.9921912529358435,0.1154986247420311
CGCNN,cgcnn_emb,matbench_log_kvrh,0,32,30.466572488500557,3.451719565550213,0.01063934264524115,41.8634269269142,40.71812717090328,36.41695477061388,-0.00778091488713034,0.03361406260753271,0.9343004541619846,0.0815345719456672
CGCNN,cgcnn_emb,matbench_log_kvrh,1,32,30.37412016333409,3.4537333517183586,0.010680986335406435,41.877067384624155,40.68449767856939,34.58263997739487,0.00107818164665292,0.009933845421926126,1.012262930732192,0.0838582813739776
CGCNN,cgcnn_emb,matbench_log_kvrh,2,32,30.164123268752697,3.449737875688031,0.010854307092404215,41.86784888304967,40.48931493735218,35.22198378563489,0.016723234372358547,0.009394768840188033,0.9051731668768557,0.0820081457495689
CGCNN,cgcnn_emb,matbench_log_kvrh,3,32,30.13902445809671,3.455217852816937,0.010556393567547801,41.94235747315491,40.51661706631865,34.49805636300111,0.01807284100872888,0.014058951928484857,0.9713921719777208,0.0887938886880874
CGCNN,cgcnn_emb,matbench_log_kvrh,4,32,30.345029726423714,3.4569004020291034,0.010489459418934949,42.03245724981638,40.69133908693078,31.50251592355873,0.02486979692357382,0.01565471840212711,0.8534267247546019,0.0874972566962242
CGCNN,cgcnn_emb,matbench_perovskites,0,32,29.318671747730885,3.4462632974611687,0.011079989807773872,27.807682020368865,26.96106050537351,21.958267864545093,0.0565690971243736,-0.00046747511115815404,1.208807726162664,0.063635379076004
CGCNN,cgcnn_emb,matbench_perovskites,1,32,29.087197188178028,3.443572618001934,0.010545517623563757,27.902321165326413,27.15833657225715,20.498718001492577,-0.0005993819487774082,0.012354857778003884,1.1487841945664445,0.0622174404561519
CGCNN,cgcnn_emb,matbench_perovskites,2,32,29.366391855649237,3.44515706196801,0.01056104851281059,27.733794782078935,26.955092997261698,23.736800509198556,-0.016017931336103214,0.01830947614341209,0.9534914744769916,0.0603139661252498
CGCNN,cgcnn_emb,matbench_perovskites,3,32,29.22430677753451,3.45104309267711,0.010839549630726366,27.7578777972377,27.04969517856217,21.713628589109113,-0.015313502978900162,0.00815124183834946,1.119569179892635,0.0604740343987941
CGCNN,cgcnn_emb,matbench_perovskites,4,32,29.570331686049038,3.45735887019977,0.011326880462358689,27.814580158108026,26.984216312970215,22.759861297584905,-0.044406111622393864,0.027897413023982687,1.0503808992988517,0.0585333481431007
CGCNN,cgcnn_emb,matbench_mp_gap,0,32,30.341341699730698,3.4541605983658705,0.012494181666582952,41.913483977656796,40.729026095393436,34.68270809890944,0.01885852827468711,0.0166137243226194,1.120629740270389,0.2840562760829925
CGCNN,cgcnn_emb,matbench_mp_gap,1,32,30.524923382919827,3.458927682449219,0.012240046880486277,42.08611092761584,40.90956890116074,30.577110861567853,-0.02287795432103515,0.019786461004747746,0.932911175285603,0.285664290189743
CGCNN,cgcnn_emb,matbench_mp_gap,2,32,30.483496935995728,3.456721299874477,0.012337114669595386,41.957838730960795,40.730567901130506,35.25695922924368,0.02793618091068516,0.013365768662565038,0.9055223253838051,0.2744719982147217
CGCNN,cgcnn_emb,matbench_mp_gap,3,32,30.39063965790882,3.4526904746307068,0.012016687520620815,42.027931066251426,40.73871843387436,31.03959160987797,-0.000437625817422509,0.01926654159538,1.0312147101450508,0.2705320417881012
CGCNN,cgcnn_emb,matbench_mp_gap,4,32,30.521912060908157,3.4543273107030807,0.01137493868359236,41.95543338360834,40.83451361789679,33.71184765293033,-0.008016353360856146,0.0027703067496739355,0.898148232393278,0.2996885180473327
CGCNN,cgcnn_emb,matbench_mp_e_form,0,32,30.168890672916714,3.458094778653134,0.010928125733217125,41.97032355803866,40.71982422762158,33.550813737077185,-0.017294782319707543,0.026309027997116836,1.017077811196533,0.1084669008851051
CGCNN,cgcnn_emb,matbench_mp_e_form,1,32,30.129425342130272,3.455431164565616,0.011092005906307602,42.00728702944801,40.79089917114994,30.000527429276094,0.014331146089126846,0.03342598741225181,1.0000420240282435,0.164422795176506
CGCNN,cgcnn_emb,matbench_mp_e_form,2,32,30.383905702003148,3.452779120234569,0.011355908614865422,41.91086008761132,40.60033302713021,32.316331632908785,-0.012761912203252986,0.02280077209833168,1.429850979619745,0.1124444231390953
CGCNN,cgcnn_emb,matbench_mp_e_form,3,32,30.23426836937989,3.4576086595219997,0.011138618704163631,41.88994965304927,40.696619923922654,34.14484023083863,-0.00877427911900116,0.022790338846659153,1.1504156699968335,0.1342375129461288
CGCNN,cgcnn_emb,matbench_mp_e_form,4,32,30.280262257998,3.453015210542779,0.011068761426772185,41.89729480145289,40.600985706743934,31.392498460649218,0.006826474165326219,0.015554101552712706,1.1310373610184645,0.1477042734622955
CGCNN,cgcnn_emb,matbench_jdft2d,0,64,54.83692961065815,4.144938150678881,0.0054308142669834,38.21053285519331,37.57878285674819,32.70463225310846,0.007164334205698993,-0.018687280786807592,1.2669972008682888,39.9987907409668
CGCNN,cgcnn_emb,matbench_jdft2d,1,64,54.36128362802503,4.141632084897981,0.005431727737442283,37.74626647371909,37.30889192228189,30.769787782150022,0.0025755708759670577,0.005502176386972369,1.0194462214963234,59.28761672973633
CGCNN,cgcnn_emb,matbench_jdft2d,2,64,54.13549490831839,4.149142856916946,0.005449352601369055,37.703841904975775,37.08584128178982,32.139171497165606,-0.03263899447569814,-0.00010045834492433973,0.9403201873937089,73.4526596069336
CGCNN,cgcnn_emb,matbench_jdft2d,3,64,54.22182068210476,4.148783037620825,0.005513586999544084,37.17721154695737,36.57759722769942,32.815985520300345,-0.02106337288844244,-0.0005250067611277127,1.1190580762202627,45.78426742553711
CGCNN,cgcnn_emb,matbench_jdft2d,4,64,54.60607172410726,4.14105851679698,0.0053867347061285365,38.17847023315015,37.607673725403735,33.64798847189874,-0.0019441605866683048,0.0008988628356425872,1.1694764729503866,60.12865829467773
CGCNN,cgcnn_emb,matbench_phonons,0,64,50.827757161836615,4.1430873759099525,0.005520499185671675,31.14911766625228,30.74221793588258,27.941937722376984,-0.02485549931182842,0.007375118539116445,0.9932484572615243,119.00798034667967
CGCNN,cgcnn_emb,matbench_phonons,1,64,51.3937598148358,4.147083685403363,0.005388918142390979,31.70715988165705,31.32326916006094,26.999606471463196,-0.004222566679138382,0.008144997830973517,1.1708987888087279,81.0521469116211
CGCNN,cgcnn_emb,matbench_phonons,2,64,50.86032291419674,4.140810177691064,0.005527272785376736,31.145772291174143,30.787969088228717,27.048282087262592,-0.018230882622665735,-0.003113127692346819,0.7843274831786368,103.31771850585938
CGCNN,cgcnn_emb,matbench_phonons,3,64,51.10847789377234,4.14068150461698,0.005527443131884719,31.664210732731664,31.284609635137787,27.761139984633346,-0.03763579731064347,-0.00897784405537716,1.0505111984836901,80.66278839111328
CGCNN,cgcnn_emb,matbench_phonons,4,64,51.08568681258529,4.141212400407845,0.00538707632933355,31.672023078621013,31.227518876028732,26.90649860206579,-0.022672312353491646,0.007442781909824833,0.8711265171341512,104.77315521240234
CGCNN,cgcnn_emb,matbench_dielectric,0,64,55.168440556192856,4.149157831849141,0.005522889317005877,39.6993349727867,39.09405834697111,34.89249720839466,-0.003939958698672585,0.0024606537222880715,0.736545284689748,0.3254705965518951
CGCNN,cgcnn_emb,matbench_dielectric,1,64,55.409825815121884,4.1469231710885115,0.005319221749956215,39.16231983931946,38.592588683458196,34.28270935128875,0.0120276088293583,0.004915601073619141,0.8893836610155081,0.4483510851860046
CGCNN,cgcnn_emb,matbench_dielectric,2,64,55.11984096787922,4.150409809121353,0.005570784951106633,39.722201995711984,39.215204967803835,34.536870853141046,-0.017558738891143982,-0.0005621227718084733,0.7521718600771271,0.5703772306442261
CGCNN,cgcnn_emb,matbench_dielectric,3,64,55.24736748544728,4.148635033916006,0.00547355848535492,39.77608265401645,39.18620987270876,32.126589085535215,-0.001652320373589845,-0.0084811805471089,0.8415243801958588,0.4650889039039612
CGCNN,cgcnn_emb,matbench_dielectric,4,64,55.14289879157291,4.145457723753243,0.005363368300621699,39.19563763189533,38.669950761679985,34.03546084795559,0.028207686065197798,-0.002003661633464458,1.1935178293641433,0.5120862722396851
CGCNN,cgcnn_emb,matbench_log_gvrh,0,64,55.80978299499344,4.148741034743654,0.005516557123448635,41.70276553275072,41.08791890329632,35.810002050232214,-0.018100051515531238,0.004002522831984616,0.7309416421360705,0.1097190305590629
CGCNN,cgcnn_emb,matbench_log_gvrh,1,64,55.80350957331276,4.145582610313335,0.005357205605161918,41.70239467974714,41.10691643978792,35.89307046914802,0.025173237286144932,0.006225456781009929,0.9562760625829985,0.1145860999822616
CGCNN,cgcnn_emb,matbench_log_gvrh,2,64,55.624602613754085,4.147669498651746,0.005186453285518141,41.74388629155235,41.09297045092351,33.854653633019375,-0.018366342257734692,-0.003513790228727948,0.8453306868395917,0.1095109432935714
CGCNN,cgcnn_emb,matbench_log_gvrh,3,64,55.71030995698355,4.147911930643239,0.005356028255830996,41.73023896131153,41.000915194204026,34.84827495584752,0.04754584778178958,0.00804225060141899,0.898158458371483,0.1089983358979225
CGCNN,cgcnn_emb,matbench_log_gvrh,4,64,56.010712457619924,4.147711777963972,0.005501262333465376,41.716950318244955,41.16241462413745,35.603289723748034,-0.007022197947957711,0.004225407834961293,0.8378588516937784,0.1158714815974235
CGCNN,cgcnn_emb,matbench_log_kvrh,0,64,55.77404074002554,4.149160359918035,0.005599386294987312,41.74911209899609,41.09812299984173,34.393498184801935,0.01974162712568836,-0.003020138098776896,1.1298387532810983,0.0803012996912002
CGCNN,cgcnn_emb,matbench_log_kvrh,1,64,55.767837125401854,4.145620093634076,0.005474934510060323,41.754615634729724,41.11363125869839,34.7012551722149,-0.005199835515407166,-0.00019384711692077032,0.836922743698461,0.085229568183422
CGCNN,cgcnn_emb,matbench_log_kvrh,2,64,55.61342301012011,4.146893414018682,0.00524211186532169,41.71237461926084,41.105224617057196,35.41010152747559,0.03939132459492405,0.000241586516061451,0.7928722570146561,0.0819451212882995
CGCNN,cgcnn_emb,matbench_log_kvrh,3,64,55.85770427285537,4.149755662791167,0.005524756455708543,41.78506434739649,41.0433793559996,34.170358281753835,0.0061812385802589125,0.008690607109445947,1.002427051730288,0.0882604569196701
CGCNN,cgcnn_emb,matbench_log_kvrh,4,64,55.74916052723512,4.144092688945671,0.0053639710718315775,41.74234461225285,41.07554259917351,35.05851331831037,-0.00608127542425114,0.008512098195299548,0.7511550480661977,0.0848990306258201
CGCNN,cgcnn_emb,matbench_perovskites,0,64,47.08964479074859,4.142537845152065,0.005328037706588154,27.698001243418688,27.274081248783382,23.142124857390055,0.06608857418481838,-0.007611363885915468,1.008815573206029,0.0588425621390342
CGCNN,cgcnn_emb,matbench_perovskites,1,64,47.17793539507979,4.142152606025593,0.005651404464085093,27.678764467083038,27.423550762503645,21.20950397843372,0.0034081005566800426,-0.0010979502233947245,1.169230281632885,0.0568091832101345
CGCNN,cgcnn_emb,matbench_perovskites,2,64,47.13775369420228,4.138233508993842,0.005404271042472152,27.689876765832036,27.265015498046214,23.14073212836409,-0.04213583487349931,-0.0233334427745005,1.3038025198187102,0.058015838265419
CGCNN,cgcnn_emb,matbench_perovskites,3,64,46.848029242868705,4.139731195313415,0.005579174980081309,27.646113275336827,27.300612095616845,23.92437754248035,-0.014944378262632091,0.016192708370227526,0.8674711562606033,0.0559333488345146
CGCNN,cgcnn_emb,matbench_perovskites,4,64,47.75674257945922,4.139387612321431,0.005159454450720491,27.61930122730478,27.309529607918222,24.343630574303013,-0.039850667032007264,-0.006036708418510196,0.8031508267376828,0.0576393604278564
CGCNN,cgcnn_emb,matbench_mp_gap,0,64,56.44670991663904,4.146167537799184,0.005678779024862696,41.76028328865619,41.104108792798726,35.080941902630364,-0.006461628833969706,0.005585176567639931,0.7154444501980005,0.277986079454422
CGCNN,cgcnn_emb,matbench_mp_gap,1,64,56.61756628405974,4.149036865315722,0.0057070861844482415,41.76834572952926,41.197078542232056,35.413942540930094,0.02168586201158033,-0.04509656186700637,2.9356506964414777,0.2773669958114624
CGCNN,cgcnn_emb,matbench_mp_gap,2,64,56.465967557237775,4.148527438369168,0.005628883628614946,41.81267958963651,41.326510767891854,32.449669877662004,0.036923115395676255,-0.012224386810469971,0.9978469228008009,0.2711704075336456
CGCNN,cgcnn_emb,matbench_mp_gap,3,64,56.28797748153767,4.14678584339881,0.00560350623185756,41.71762747783049,41.10779345471259,36.200586074086075,0.014162224270845859,0.005124443645320097,0.7908754525497896,0.2797234356403351
CGCNN,cgcnn_emb,matbench_mp_gap,4,64,56.7087308965827,4.1464139304329795,0.005823206108242267,41.756036292027616,41.18821553021006,35.61700900591441,0.08792390726846272,0.002408589975161791,1.023806891291988,0.2651744186878204
CGCNN,cgcnn_emb,matbench_mp_e_form,0,64,56.02800720734597,4.145359133819672,0.005452993990839528,41.71686791570708,41.02770581290469,35.653055286148735,-0.01268911664226452,0.00403609662323737,0.7137880702495817,0.0991080775856971
CGCNN,cgcnn_emb,matbench_mp_e_form,1,64,55.93289953597837,4.147427020265152,0.005574944333827898,41.728886905860314,41.07894168190528,35.748656465232635,0.003945593666880964,0.0048682333820040165,0.8657801082013332,0.0939172208309173
CGCNN,cgcnn_emb,matbench_mp_e_form,2,64,56.07402488613033,4.148118156277641,0.005545599133717134,41.771910810176834,41.20061693165705,34.83846438430933,-0.007634404289171446,-0.004725945406816106,0.7176293919854865,0.1137887090444564
CGCNN,cgcnn_emb,matbench_mp_e_form,3,64,55.991120854359856,4.146918984870142,0.005137925240734182,41.74334684015205,41.1681537233228,32.75131817863462,-0.015928452524725006,0.007022808442439634,0.9972837611324034,0.1217539831995964
CGCNN,cgcnn_emb,matbench_mp_e_form,4,64,55.97962014138727,4.146227416871101,0.00537055624891503,41.723518350678134,41.09580327444269,34.08874194386477,0.016002291378687687,-0.004963127509133149,0.7875958905295362,0.144942045211792
