element,0,1,2,3,4,5,6,7,8,9,10,11,12,13,14,15,16,17,18,19,20,21,22,23,24,25,26,27,28,29,30,31,32,33,34,35,36,37,38,39,40,41
H,1.6438462038595076,1.141962679291272,3.05070435085087,-1.3140543207850026,-0.6233181899017243,-1.1155866492050557,1.3346714612117485,1.1620505854811363,-0.506310047246356,0.8674053909130257,-0.9972166979317517,-0.04139545816670542,-0.5699979900675316,-0.8802016272422046,1.0453702940908065,-0.8296191203466026,1.6092721937565504,0.2310026870387136,-0.3763176900611466,-1.551800796541884,0.24762744092987207,0.38103828118690347,1.686389003429762,-0.4767593823451832,0.8451321920406238,-1.2306098449609832,-0.1023594401519293,0.38794351188887305,-1.017462588332921,-0.8928674985555122,0.4376805785850907,0.3304988956420108,-0.8236342086214061,0.9076080467318242,0.04793481420575083,0.3742245760739559,0.3246135249607773,1.7303204735640996,0.2686083579903166,-1.00721571720224,-0.664331591068333,0.4002529116895362
He,0.0,0.0,0.0,0.0,0.0,0.0,0.0,0.0,0.0,0.0,0.0,0.0,0.0,0.0,0.0,0.0,0.0,0.0,0.0,0.0,0.0,0.0,0.0,0.0,0.0,0.0,0.0,0.0,0.0,0.0,0.0,0.0,0.0,0.0,0.0,0.0,0.0,0.0,0.0,0.0,0.0,0.0
Li,0.5512206285729075,1.5517436808789449,1.3975836725099915,-2.1192788396090836,0.7007628798027136,0.5636479525944142,0.8877402360630895,0.6602890018803685,0.37464432685676186,1.4453697491545134,-1.4801258184951842,-0.5275487732308369,0.3669075238487566,0.08523727207952139,0.40892352683751687,1.8951941515742574,0.6211221570897437,-1.793383873770032,-0.9904898074931822,1.8873768436857947,-1.3458019344580192,0.6867707148090005,0.17547463354447235,0.7035561537730046,-1.0672941963458475,0.42402059458563146,0.8909003936033185,-1.1934221580809006,-1.320823776553767,1.0556933916756133,0.14345480948013362,-0.5794880901045087,0.9505948001479051,-0.7748756472462927,0.07190625374257781,0.20282782518196693,-0.14419256657656268,-0.3748895852311756,-0.14666006540444712,0.6206912302953608,0.5679922070647114,0.14548801823418814
Be,0.2385451117544341,0.21513824113116012,1.972236675708795,-1.5514305550444383,1.8471410845405314,2.792769113229682,0.4461974245126135,-1.1475060172531912,0.03216314924604967,-0.5646668258680517,0.7845340999921965,-0.7321240621055598,1.3463342698234635,0.7573133425649211,-0.616971651440448,-0.8817783184905678,-0.8254549838359673,-0.33433605781501063,1.0265423645626244,-1.8596604860810342,2.3285036017533205,0.38360749589064147,-0.20900362817910967,-1.2171499602655513,-0.3897187848882229,0.7464859935567523,-0.9687509262286897,0.0901903270832883,-0.9045381193557759,-0.33806576898481644,-0.6227417489242589,0.44671999224293085,0.36502173064586024,0.7471273208785186,0.5555799164943885,0.6664514379058938,-1.3692125155838002,0.15847862690023803,0.31563439841499064,-1.1140950615426475,0.3340611339846282,0.3432506787407821
B,0.8260839636022064,-0.7650295857154553,2.442886370546763,-0.04057847869581617,1.386791214870775,0.5259889961390245,1.692604206559737,-1.4536876278369681,-2.0705777530800367,0.9059314501928757,-0.0098157625589016,1.0998866422116034,-0.18985461865597772,2.934987345628768,0.2724784838272484,-0.0488472578213484,-0.05864086862045183,1.4879571132219203,-0.629057553852056,1.1310679778898851,1.267947490534301,-0.5329833960624135,-0.9235436480849526,-0.29008210429117187,1.2877229432550739,-0.23457487620525883,-0.36936711254411625,-0.49408393636192194,-0.10138218882534043,-0.026638642165816198,-0.9869516026443419,-0.21038362887426834,-0.4433214825367684,-1.5125560679168764,-0.9702433039651025,-1.1253632172001449,0.6294866629020894,-1.2469951531469918,-0.01729053097347492,1.2607388952135874,0.01557914881606187,-0.05066634466922236
C,1.188619094428569,-0.6200217389413121,1.8911604003101352,0.9053261880515646,0.8383519190232789,1.830359468540639,0.7589647383390933,0.17218298244455457,-2.380649705143815,-0.800849226181983,1.1443461225501703,-0.020917958101402036,-1.453483449263669,0.49240007009328096,0.9637382466310149,1.4512660092238245,-1.358434856395816,-0.422918347269646,0.8244015502029715,0.299178266970231,-1.1703927245873458,0.4477529759658273,0.24865580018816064,-3.0366267188203233,-1.1984037159664342,1.5876422143378914,1.0025756895193227,2.351317185221184,0.2952964219699964,0.39792656335848536,-0.41490087948532123,1.1118824346134093,-0.7716650018014034,-0.3073425034187504,-0.0011185520280863137,0.32195786527106063,0.42980910521987137,-0.15824544244862435,-0.05075909646951425,0.26475656824158905,-0.40748540356728785,0.4993418573445316
N,1.7394161033798343,-0.28050026320559507,1.2792140679151096,1.1653484139450858,-0.32831113470917095,2.228072734425439,0.6804386892806594,-0.30829296122485694,-0.49815981629239486,-1.160134744790655,0.47261859842414194,1.5925272071815326,0.7671349639116544,1.119310811382896,0.057079149956680945,-1.5653937819966206,-0.7105941609560631,-2.3610345637621375,-0.6690268848798706,0.664287002703549,-2.488693325347007,-2.388479193324223,1.254593445260065,0.6144218735199016,0.04654831204226656,-2.7491332065644696,0.7598736200378597,0.81516687424562,-0.5648489472078603,1.2571451983412267,0.30790117284404755,-1.2290072847037368,1.36094210989407,0.22837682842020784,0.36735941955111084,-0.313616569614557,0.3851325334978861,0.7412148954166441,-0.46273127399952996,0.15609360165914463,-0.14366980377862829,0.11858856193500271
O,1.9175715836198637,0.22585143808904412,2.009649039055436,1.3858597354202378,-1.8422468923779352,0.6931205624940571,0.6844924701622827,-0.15315627562132275,1.0758972721774087,-0.7019843553340037,0.6964874078223978,2.0559129075772034,-0.5601766476667472,-1.1721117392692493,0.42607588623261805,0.9550581365670155,-0.440975624018285,-0.7435423988653195,-1.798076990754549,-0.07187754376166565,1.5423008879084927,1.2211530870058276,0.8348962300832287,1.6091056094227598,-2.7773893897334,-0.9435903864075258,-1.3760395549815054,-1.569044061994865,1.5523181440461473,0.10228695088477925,-1.0121629009380049,0.35151764875019875,-0.12591791733095117,0.08545472269419857,0.6954012882930047,-0.24141926932415722,-0.05187397888245051,-0.18881134817589662,0.953125716702484,-0.3111816067202265,0.44568658588447885,-0.46654256455859
F,2.119156522487743,0.9529424661685562,1.8569168569027197,1.199724429548868,-1.5853049018090561,-0.8215906702164708,-0.3588611348404267,-0.08856295778983786,2.170860965900205,-1.3570303849100795,-0.26353457015893844,-0.03353675716532323,-0.07462489169805571,1.0297803322150807,-0.7786450192044415,0.7926783136178339,0.6056574646189276,-1.3284064679691805,-1.313824361010401,-0.31218400544617636,1.1577626782626045,-0.647377157293138,-1.8790855723665663,-1.1013074689316171,0.16576894833700834,3.8183631486773892,0.5419317597520557,0.20194097064582014,0.41074616975232253,-1.0988003472608885,0.743844681321003,0.21179187095417443,0.43812902015391514,-0.050856145391381447,-0.19862874938383027,-0.20257637342443,-0.679029709453691,-0.556624648423579,-0.41740690534346275,0.3618598739515387,0.30802004501126423,-0.12658261538494894
Ne,0.0,0.0,0.0,0.0,0.0,0.0,0.0,0.0,0.0,0.0,0.0,0.0,0.0,0.0,0.0,0.0,0.0,0.0,0.0,0.0,0.0,0.0,0.0,0.0,0.0,0.0,0.0,0.0,0.0,0.0,0.0,0.0,0.0,0.0,0.0,0.0,0.0,0.0,0.0,0.0,0.0,0.0
Na,0.32299690275054055,2.079973884041178,0.37601057130676224,-1.357735526252448,0.5387527773634814,-0.6442730367681774,0.6750548661655412,1.655215520914855,-0.8291499551267121,0.2677308094479184,-0.8010012861677117,-0.5986238902822891,1.2143868400201996,-0.2569201436210944,-1.9740240670814235,0.22154389579663722,-1.3978247480870083,0.46234468229107933,-0.8655984295588889,1.086295472398525,-0.8152366325748903,0.8533268478796767,1.9782466210780656,-0.7726554830034514,0.2028243272162452,0.7558269115083878,1.813526362532952,-1.4926241002723872,0.29713769122466066,-1.4113632491363424,-1.1444663717930894,-1.150627596831572,-0.36547212881776103,0.5944211995448856,0.1061342609911124,0.08956913808216162,1.1379505567867425,1.0832339990333506,0.5949659862328176,0.03230444549617253,0.35325408789911267,0.05862210482705904
Mg,-0.25010589991421506,0.8980318022530809,1.3621074156424935,-0.2550394273982856,0.6938196411401517,-0.786533955786043,0.6195536530706898,1.3054562262158407,0.4485121988428101,0.2942836151069765,1.6171803053702964,-2.2058339810845533,1.4252712934438907,-2.3963005450347654,-1.1705123824545138,-1.7314373035109418,-1.045361799397133,0.29809480290902185,1.1118909529124246,-1.5051059848322534,0.6391282255418893,-2.4881073958307174,-0.34889404375274863,-0.056552694753411216,-0.3955811137207399,-0.07861418599788188,-0.7972863445422428,-2.289155986143324,-0.026664509005634874,0.5523527155442278,-0.2590453023076306,0.509574293057416,0.904477250607699,-1.7186095148430158,0.526494754155846,-0.4194351084226953,0.8872948608922306,-0.5645214691720358,-0.7872924715335055,0.4910061348228882,0.12829891659114268,0.444413101713249
Al,0.2537945534048039,-0.0772138829308572,0.8597043000703493,-0.01585295327852435,2.4370404564886057,-0.026882386225905813,0.19225738816182594,-1.118500454680607,1.0523741541347011,-0.13533010732394363,-2.1512837140699688,-0.6237056918680829,-1.8066379411095879,0.004390644487959583,-2.746114694328243,-0.5795263052649208,0.11095026752564326,1.7641292396852064,1.0980770239683457,0.447416786413771,-0.17558683202007433,-0.4664824006933428,0.42058451262123747,1.43215024614947,-0.3067987532117232,1.028950027149454,0.46858613868785065,0.5091410055145325,1.73952244318623,0.3236273338309951,0.5378519937918492,-0.7397611700993573,0.6460838764540858,-0.15486487709463595,0.48511583818322473,-0.3821327170820687,0.31859809854160565,-0.31493976643990723,0.6161301493656157,0.8342158030073463,0.1368365699642524,-0.5159391156950852
Si,0.48094981537141723,-0.5325213529769961,0.7608769077799523,0.8918254189257926,2.458386342954154,0.46326200819766006,-0.5311434965002769,0.34159308931731636,-0.24073638096123443,0.3513108432062588,0.5627298115080719,-2.260790849184798,-1.059333913647881,-1.5760779225775376,-0.5861594577529071,2.094802581121379,-0.25403515604506044,-0.5435378108525413,1.0364017122902416,-0.10273998875354348,-0.5046230347889581,1.1120209786814987,-0.5101998251946765,1.4840563446166342,1.0155508172335523,-1.0957901658345104,0.644425948845734,0.05407344623917261,0.960469347380886,-0.67661612682955,-0.17148473014503568,-0.9031672807720763,-0.08528697549019533,0.4504785032174632,-0.6801601081965054,-0.025136424038059584,0.1367249477235268,-0.821476282637128,0.5437676827998379,-0.22140970321596795,0.42601713947483527,-0.5936836080716168
P,1.276094380522485,-0.3343813094895031,0.2823400145670207,1.5922502793010116,1.227241234711717,0.5347661416991074,0.044615910490432835,0.4773891266210696,-1.4993943774148395,0.22799862798005674,-1.4155806193447125,-0.6917576195708941,1.3281172908508447,-1.588218594027795,0.4727645339555097,-3.128008526558087,1.7543088585892757,0.35532882358242984,0.0948768715307204,-0.28365344463113584,-0.5247013452646939,1.5122122774990752,-0.559371517318909,0.5805057046000817,1.2860178665453648,0.9537646846952986,-0.568815307550923,0.38756661787342994,0.4983015369970862,0.7243165310868718,-0.7190771312070379,0.7090684537202706,0.21112001725228788,0.309729192332098,-0.13711629158549885,-0.04749315769465929,-1.1902961915488832,-0.07136748397768213,-0.6236692683126563,-0.36060184204414175,-0.024415772950532367,-0.7133390488509195
S,1.9064742870377267,0.24635299606952005,0.16851307064625823,1.8243315767687422,-0.13211773309177022,0.3482555807125501,-0.06858454847706874,-0.8330438682991902,0.9314331329896308,0.6914024384039328,-0.648037694477426,-1.284428919992188,0.39621388172323335,-2.3438483653510223,1.0100074346290948,-1.582640654775837,-2.171939750828412,1.6992645344871717,1.1884892272635308,0.7633941204116415,0.29602123236125494,2.8685073664373424,-0.6102520836799112,0.2676669550588368,1.0985454108775352,0.16846331639599083,0.7570876973253091,0.7889881638466774,-0.5035026087293161,0.04761948919613873,0.7947530481523126,-0.8327974957878468,-0.5434830892951221,-0.14333345988770835,0.009510097651857554,0.6107581822856575,0.8202047586792418,0.1655738778007508,0.4595237249184603,1.142347525070495,-0.4889783480638233,0.4946705716930572
Cl,1.9230669508942653,1.6827867281104276,0.09821133533111379,1.3280967596229805,-1.4788956352118312,0.13000262470293744,-1.0456542882207998,-1.0636118653362765,0.0006507412897142423,-0.5801857990140392,-0.23499751037250785,-2.731947561671808,0.1386016412279691,0.44967916188634854,-2.2185089370175457,0.4799751148646564,0.5796995643616287,-0.3885558150143834,0.0508122674092493,1.0212782725033906,0.6848736612491427,-0.07223324770174903,0.5433200988230609,0.7902518288819163,0.6315725430176929,-2.1689229317920513,-0.9830529153962629,-1.0551991330930417,1.303181925756337,0.13918250610647676,-0.08014068074616867,0.09473540258927167,0.21773051060355325,1.0588556143982382,-1.3456842066515822,-0.2243016862716939,0.5494600170631003,0.44028703990585105,-0.4011479515659917,-0.711301141087093,0.026525256040072234,0.08406319859203382
Ar,0.0,0.0,0.0,0.0,0.0,0.0,0.0,0.0,0.0,0.0,0.0,0.0,0.0,0.0,0.0,0.0,0.0,0.0,0.0,0.0,0.0,0.0,0.0,0.0,0.0,0.0,0.0,0.0,0.0,0.0,0.0,0.0,0.0,0.0,0.0,0.0,0.0,0.0,0.0,0.0,0.0,0.0
K,0.6134096753665926,2.362185144893928,0.02001512875968607,-1.6016579796294876,-0.625421644655212,-0.1418314085287279,-0.4739629275389507,1.2573934540666092,-0.5299971134323996,0.1969905133994532,0.2329031415964371,1.4828143511628917,0.2085312799018584,-0.4093629273449852,0.5284750237409704,-0.010264085053328516,-0.3673999379314792,0.5291485940576972,1.1256088663160793,0.22871772125526385,-0.6853344874578204,-1.6122566198771533,-0.5864900723277047,0.5872486601937221,0.38911822253876577,-0.21490139950813422,-0.36241229672315334,0.9076981330665919,1.4253813050659419,0.7946416847723562,1.883068346466934,-0.9081246720116082,-1.1015918555044357,0.48586409008922576,-1.8353184657097237,0.028696894769500762,-1.5615200741030593,-0.8622427356575527,1.4530546464909229,-1.1829091746297096,-0.6210710692674974,-0.9159790342205689
Ca,-0.6652097122173811,1.4174659410221442,0.3757108096230989,-0.9589731076078645,0.6948591165761722,0.21698073566798035,-1.221626128757628,-0.5151885898861428,0.13980884082622522,1.5147887143789283,1.4485062211480075,-0.6481847066647289,0.5734001608454943,-0.004473048796062454,1.5988052721521204,-1.589811360975022,0.15280728830867432,1.4777207903293708,-0.8528715338089807,0.4154593001397874,0.12311491540662238,-0.15991459745423212,0.703523504565976,-0.6104178160468886,-2.199598614304287,-0.4060776794014888,0.9208176828633154,0.5477011361746339,0.6171030367887452,-1.1235736396623937,0.7915028442148639,0.5517285625656991,-0.16338320136803952,0.880989772257982,1.7118528071088985,-1.1973705829003787,0.3419969238894239,-0.7744746827238819,-0.7348819636611431,1.0757497028263467,-0.13457740471831098,-0.3105332178119674
Sc,-0.927756361350305,-0.19215687195842807,1.2950179963828106,0.37287982022107224,-0.07708352106716082,-1.6899345556134941,-0.5926435708937495,-0.575859662395786,1.4566293106156867,0.02159992314603893,1.2588473452244329,1.4035620784093392,0.8166018421435958,-0.24623129382499015,-0.5656557123828277,-0.8305532967493361,0.5911481333190594,1.4655318807143611,-0.21374239693516728,0.8475681448361801,-1.4489342483656216,-1.0492575242943722,1.394138165623243,-0.1628811082088373,1.0774465196639755,0.9344172438090361,-0.5171456737237755,-0.7400220829538697,-1.1680809182227914,0.09522677612927598,0.3949342813763968,-0.0981345311969622,-1.228244853204848,1.0357248180170118,-0.6921449012978635,1.2573575351369501,1.756245850235574,0.6741580330698783,2.1390986766739144,0.04046629417835745,0.8106953141516283,0.24229188737872964
Ti,-0.5650250783438021,-1.11836576151989,1.2213402941471958,0.35042138344379725,-0.19590682449596533,-0.1509582686749102,-1.4551157487734017,0.2296389096639983,1.5617182291779368,1.7102831232141007,0.8775374214311794,-0.34627109007645007,0.8504118355325039,0.10630284142594897,0.9276333897202981,2.015513823423554,1.2493187118934277,-0.5200737729840895,1.568499053095902,1.5576529639211416,0.027641248954455633,-0.1779764894491509,0.7916169316687031,-0.4365719005118304,0.9649609385051147,-0.2307125131393888,-0.6916018952852094,0.3245361629548687,-0.4498640133509958,-0.15748798320539006,-1.4760254900150926,-0.44618563790665405,-0.38360761609516586,-1.4062453678532971,1.6986077966394173,0.9782627411298781,-1.2875589803773784,-0.07343027297747676,-1.0719782107107294,0.06393481235505663,-0.1059353542276821,1.5284674022429772
V,-0.23458801488901423,-1.3663959622738704,0.3190918331132535,-0.4869342853946839,0.16620268353016515,0.502890724455205,-1.1624604440022364,1.0172023589109482,0.8480761467129747,0.21244162148957849,-1.8209365778253066,-0.061287202301916685,0.8398354649025828,-0.6794650368577437,0.06814314494170105,-0.5787090800462701,-0.36185818066891234,-0.48109732666451643,0.035408606515801314,0.7191851721738651,-0.4103122203874966,-1.5059442840916055,0.6778775464420117,0.8546123163919181,-0.7041012385398513,2.0724149487243055,-0.15435646963628144,2.3143187436859707,1.1602731208127637,-1.0806885011425407,-1.2978814215275418,2.3936446251874863,0.8340240927759225,-1.4561760862096742,-0.46989264905006156,-0.9050240009967969,-1.0415953284273853,1.3106397284716782,0.694537581607947,-0.7943608568214051,0.14805922950476166,0.0060695877108339754
Cr,-0.26057912128183736,-1.298448187369526,0.8707804988654896,-0.9088326490753292,-0.28531253484236285,-0.6228718406776227,-1.692355123565012,1.2439142803901257,0.30184174911052575,-0.3832017206058846,-1.6120687776693552,1.068745811559412,-0.23605620174023134,-0.7667062891054193,1.2765953412855024,0.6721636920266332,-1.4598911445305365,1.1498647547871699,0.07741446808134982,-1.17811861042666,1.704145769381997,0.0394951998757794,0.19205290743511644,-0.5073945691531039,-0.8972165456478641,-1.3805522465460682,0.10430129474828612,1.3832932792000758,-0.13042459909441714,0.857802817901153,-0.3656009812446466,-1.0964124296062396,0.5623682721765073,1.0777432609988173,-1.110319639082856,-0.13781426229386762,0.8765401864643495,-1.2320832791034841,0.2197664688185845,1.126088513336117,2.1379979048625777,-0.7546836650782063
Mn,0.015926467856141987,-1.3121182236079014,0.7873631919737826,-1.1761968046779891,-0.5032955728706083,0.049723939381207095,-2.2842848901917825,0.752308827582639,0.7134033064425228,-0.9758445001648146,-0.1634867326289649,-1.5961766432608429,-0.5003643318434567,0.9260788364081486,0.3749375369235316,-0.34992221621186886,-0.14102828715667196,0.12453185469922316,-2.078586727277359,-1.4353891139375667,-1.0961528205680573,-0.6047479486948261,-0.3844502252875735,-1.3357269634919873,-0.4496559936454209,-1.7937492106426924,0.7170183908616431,-0.7202802252845225,-1.0541726269808505,-1.824693896715281,0.23524374443720497,-0.8824228544655658,0.2478135658786819,-1.0054618179864856,-0.4491038357209473,0.6706475193095291,0.3866830722397879,-1.6728152995694676,0.48458269019394495,0.4473555455533803,-1.244900580823441,-0.34827825991357764
Fe,-0.04885816260937091,-1.27525474026283,0.5899293043964737,-1.5568037261801115,-0.37227967389256406,0.07892379389541508,-1.3212469140711371,0.5299815936085637,0.5261341431654215,-0.327911088003693,1.0447130778402056,0.28383739576883,0.5035855545710876,2.178909261346625,1.5105217923065628,0.9061486979658104,-1.0434774910404778,1.2938030787218795,0.05534595187806172,-1.258375361891015,-0.978640490623494,0.9974664799099788,1.9643934670456809,1.394196712450342,1.578434779036223,1.0048579944813394,1.0962489317951785,-2.575106394848532,0.9892946852312416,1.5148231343694574,0.494171679716093,1.8073204594110888,0.7613291204945974,1.2728428943159333,-0.6494115205443076,-0.9375479379687249,-0.15236181244947297,0.5698086611713896,-0.2922223880715568,-0.6026398515856634,0.45604871908620964,-0.28993502066240917
Co,0.10860665249302945,-1.237217180372612,0.554211926710545,-1.6307254633119739,-0.5510676470797952,-0.23438951127664523,-1.5840239430501284,0.6203845811521401,-0.9888921841609515,-1.7235041948575698,-0.4023559388618689,0.6836517434632537,0.8823991769123692,0.6237787289770542,-0.6236843485689433,-0.8003187885864039,-0.7648694413853961,1.1481047042310522,1.6805001856190551,1.4623263158497128,-1.0792528631179432,2.134322483613643,-1.9530095341820344,0.08687134366157828,-0.6337594802541365,0.031057429592937145,-1.8940955654502856,-1.2438467382853047,-0.9559071974178662,-0.6424943965702516,1.190879041617992,-0.04882059488119924,0.4073238860469458,-0.008166069984007237,1.1414472104405289,-0.019741788173281597,-1.5705268675422777,1.9576320059976189,-0.1354674292008545,-0.8645455302619967,-0.6115506452048917,0.0846071859792566
Ni,0.3841419722211518,-1.1778920961577766,0.2868857437882592,-1.7330411772139045,-1.3577199647633977,0.19669064080348655,-1.570671139326442,-0.2768458713835799,-1.5718835883354803,-0.6920177387458716,1.7182311078689234,0.7138084015282947,1.436754575056632,-1.1517319773295542,-0.7088831010252055,-0.17744542184568626,1.9593231612999036,1.348625785823646,-0.9473270247154468,0.746575350559438,1.8217078751197302,0.6913666979779256,-2.420070093174375,-0.20046314144869912,0.077249405927745,-0.5249303388183134,1.3526951808639585,0.3376932137094741,1.325241864979561,1.7519802390993406,-0.01604532708613574,-1.0324173034656852,0.5944012110725481,-0.6556638385332872,-1.0156223910769462,-0.8278143865250437,1.20214225350344,-0.033347173759271244,-0.16444936061961385,0.19260561787131836,-0.9422163341934123,0.0437358558618208
Cu,0.43835254107920874,-0.6924452838642564,-0.2774298470620967,-2.357827964328675,-0.3976173573070485,-0.31995125777839983,-1.9891315923017319,-0.44076433011382027,-1.4911030904586926,-1.6947069201102463,1.5204372504080137,-0.35414082093014665,-0.7330896001102057,-0.9357389446910593,0.3749852555742423,-1.07032892873088,-1.0257764904554645,-1.5169640293695084,-0.4993093497720859,1.9839774382016584,2.0034058070156107,0.5159769408563104,0.9238005924283307,0.8800393002883836,1.3059514533339058,0.29614461163519873,-0.7552035401670442,0.5288164208616439,0.019639432660084895,-1.216001669892936,0.15803999667725982,0.21398787218957177,0.3246937104270965,0.39374657854689515,0.599947397329057,0.28733857075781283,-0.25901336130873465,-1.4242283257982558,-0.39771527024466496,-0.1174530198814877,1.6462252144900598,-0.07416743808071782
Zn,0.34657982268093057,-0.3687463770530496,-0.3848942920879462,-2.2419021898900873,1.0200361590885496,-0.8059463552416115,-1.1407620072296947,-1.684873523076111,0.7936400282945302,0.7366128615730139,-0.03247362707170701,0.656983556638731,1.040233578458559,-0.37413814608098567,-1.1792320247081536,0.5159534556813857,-0.6406855782695812,-0.5776591861317864,0.29878833892980583,-1.713567314239173,-0.9700196546750816,-1.6937797804596586,0.01675011222598954,-0.7237578308908705,-0.2819033435650661,0.14060399605113535,-1.359977029252758,0.9659859874114788,2.049266999706515,-0.4186778170816699,-1.2471617490411513,-0.5361392529657388,-0.37925328378748285,0.9151241483510466,-0.8095628142770973,0.08122069197530156,-0.0122597574611824,0.07051037955019705,-0.7720796021112758,1.657162504192603,-1.4849175599159736,1.5200408081933032
Ga,0.31183676635566415,-0.04635863376179685,0.2898215117696282,-0.182902805516823,2.672459019606575,-0.892733086943831,-1.7297287402689416,-0.834261158562178,0.7231530947562287,-0.25825211096337514,-1.1654055380310682,1.3795912165524107,-1.4471386653161356,0.7008536888711803,-0.2807973771520033,0.5044125736073467,1.322538502536161,0.07034072304307519,0.5465722682321794,0.7984292083468041,0.6328117646423748,0.2616615463885615,0.3536485857413788,0.739542978020301,-0.9350440971535011,-0.43677351992933616,0.846427894511396,-0.4380650881214208,-0.7936094001273184,1.1020138598816513,1.0399417960575463,-0.16993337670733716,-0.7104061263496798,-1.7761727127711202,-0.287024187267411,0.48448910501619896,-0.6305155707793704,-0.13648554867166093,-1.029798687690236,-1.3662035464448241,-0.4521652426905501,0.3838488867650585
Ge,0.6886279022451345,-0.6032475202577661,-0.1839315363314491,0.4949238564056728,1.8727220714254358,0.03981841184298884,-1.5119150367312288,1.03825261282676,-0.8519514712431316,1.1372808129411693,1.2400997704308532,-0.17591271707344053,-1.2807367646410392,-1.4726458612335718,0.2615829379766788,2.413243087182647,2.1090260383495085,0.4875731872402611,-0.8739505945108902,-0.052049681276360206,-0.06683279372156847,-1.145957722918519,-0.5267140624674076,-0.1674056494375832,-0.05460232559834321,0.0827520130970939,-0.26757522280904605,0.14703926567393527,-1.2456428976958422,0.45534196858692405,0.10213540467811062,1.0358970898396096,0.34313405091953514,0.2712674426735486,0.3258776806325495,-0.41788653220189254,0.054894061148138,1.1658029496793942,-0.49672174672960223,0.4682521328848706,0.2420296210898649,-0.714331278524998
As,1.082157638573057,-0.6423808921659457,-0.5783070342036437,0.7025313632402354,1.465182096820009,0.37430768487720534,-1.3052924086636044,0.6857545448183024,-0.5899962637323929,2.029384046510644,-1.5156093290054646,0.9658957561891138,1.6775113917256537,0.5668272492327899,1.251157200265539,-0.2360868790399212,1.9033926295537715,-0.7256771445918861,0.42629954657331376,-0.12761508064738916,-0.18114278964784408,-1.0226986494145112,0.3355672818455671,0.8804302442160851,-0.35249789047193003,0.3649491189975903,-0.5217957833505206,0.04977083968342834,-0.27195158235253836,-0.15423405791961878,2.200992915459979,-1.0225829278518221,-0.5087155034710804,1.0617669739021227,0.8118596736792499,1.413032760106778,1.3051513690860408,0.026451408967601207,0.3335761843614475,0.2808806362380608,-0.4409695163797454,0.15940258637920676
Se,1.846063987062663,0.24167640722450445,-0.9374753960729525,0.9909723013841506,-0.03079728629091951,-0.20435583821444422,-1.1336151315766294,-0.8317121474304907,1.0516449709253408,1.6909944882422017,-0.7023040840811763,2.2134673586495333,-0.02057126160412857,-1.69276436455576,1.34468086182797,0.9517614366084547,-1.8875047218280356,1.3943640374608277,0.1219334720501606,0.3415277565144907,-0.7809225485208858,-1.4425578151245568,-0.08468674302892358,-0.7290252951752608,0.47147319806838567,-0.27594407607521854,-0.6970550831768633,-1.2116571496098956,-0.03813474573167431,-1.6571848312668147,-1.0133752854593854,1.6354920928465377,0.4331828245877055,-0.31394051903739617,-0.7416183991738848,-0.3154513820118787,0.44731595246804423,-0.43145810047648964,-0.7253824476469813,-1.0462651998345462,0.06373116732783465,0.08195519209324156
Br,1.886858035954191,1.3560012113074296,-0.826520521862909,0.8743620796078831,-1.5791620243266395,-0.417853254216306,-2.7254175440830535,-1.049610826219313,-0.5560810207961475,-1.0978955590527997,0.06604301904273145,-0.6484508436352439,0.5092031717098744,0.8164278742053092,-0.6403613287832133,0.2944055586665364,0.4112490801722767,0.3930330441529104,-0.2621231191345536,0.09569591900983158,-0.6090107332556421,-0.1387845616302767,-0.06976348417774188,-0.4591191693086318,0.5083998065367423,0.8204767126153498,0.47022918298296407,0.5259343111931702,-1.2781796730640358,0.9016723488864651,0.6140567679537894,-0.22289928403118675,-1.804524703763792,0.21121546335927543,1.860303024981816,0.7495371671004544,-1.4494435452185515,0.2468835044538599,-0.09564977480300041,-0.12164407022266924,-0.191850294948317,0.22140079115121325
Kr,0.9451042725555173,1.2921548012692325,-2.949888908996569,-0.6346696107482493,1.6838712578897657,4.264476589780645,-0.2182528879089346,0.7352945582036514,2.2264341125679437,-1.1654677280164987,0.5015364550634154,0.14377099992976833,0.018947501369953667,0.027656315146741044,-0.2961392842047373,-0.303341011853211,0.6083381790932658,0.1185947980677948,-0.07551166281955947,0.019379050730390035,0.46090033962775045,0.3815379700808588,0.41803192006992396,-0.26530363119382033,0.2924449478476932,-0.13474676616961964,-0.09138831282305478,0.09959917684002031,-0.24750744139909414,-0.026240504447887524,-0.39483485813662206,-0.06368878747048579,-0.10772955857951687,-0.05754924284184505,-0.04311546804719123,-0.07631215208453886,0.19898447214568465,0.17390221566758898,0.014078427387569127,0.04975590553197478,0.06343851688556267,-0.03661258077554302
Rb,0.6238270863671567,2.2343027497444083,-0.383938015980686,-1.2264347368207904,-0.7705474070464898,-0.5816187161961609,0.931405555611351,1.609615427182427,-0.44101241997298407,0.3553315384658815,0.04876027128574431,1.1403242854210418,-1.2056785665112126,0.8519806427901964,-0.6590429920652191,0.036377537228009085,-0.43581322837838,-0.21745804188929496,1.924548953051586,-0.2912932704216881,-0.7540637122992468,-0.2709388157092693,-2.3009877473047258,0.9892653113886378,0.866094900128632,-1.1182956281382512,0.7162086415034972,0.8898352877702077,-0.7144409799524956,-0.19247139417211476,-0.8645622014438465,1.8454109899662785,0.21077590931154072,0.5167792483369515,1.9858841550405986,-0.3738692575346919,-0.1562956026908045,-1.029780787848057,-0.22649511710686412,2.246028865143364,-0.14463524362141247,0.6793697877212372
Sr,-0.6976182874811849,1.485519803337659,-0.31650926272212854,-0.6034139445091364,0.5365163340099646,-0.09322617782588148,0.7419540762911461,0.44774374866871014,0.7593984183310729,1.7705995425547725,1.644923462708132,-0.44108074294418653,-0.7060242222166542,0.8581113568444646,0.40811471065834676,-0.7526522701954852,-1.2445646168614677,0.04768383613047518,-0.8306501225693363,-0.24696363721325862,0.9028308885854368,0.28047774409887116,0.04260582387748232,0.2686454430106978,-0.9685339091171955,-0.4888834594376702,-0.1281678593407872,0.6188367418950529,0.4666401137146619,2.8298922071204173,1.9955447028665798,0.8068356534576385,-0.3080177388216798,0.6709302319426753,-1.3391302399599798,2.282167852654419,-1.1509220726597698,0.35234611532263804,-1.279690978955962,-0.8973926152760197,0.3423220701531735,0.2577626940848828
Y,-1.1880999758233048,0.08376224412422142,0.7561527972640395,0.6134779173301275,-0.5416775812903747,-1.5003289519474838,-0.14494159543451873,-0.8181493394185422,0.3367581085655378,1.3128140626604432,0.6423644453059306,-0.013736453550376825,0.3335983453831759,1.683094216743861,-1.810714271761188,0.030425152577912642,0.1496755133847626,0.4989807131857116,-0.34117515014023286,-0.006539118365600296,0.07879244316960915,1.8667384567130598,1.4191914112146309,0.7567887251800851,-0.13407666374565114,-1.045008628649603,-0.780026379965441,3.3724794179351583,-0.12459362853395332,-0.00830672259422922,-0.39126098660499015,1.3839563713305185,0.02606365324468824,0.2546316083407847,0.2897112824618158,-0.8282646597410301,0.40540990532816434,0.34693324492955596,0.49308772509221477,-1.5437528716773101,-0.9976766138342601,-1.1074173158292266
Zr,-0.7261997694610022,-0.5454599465154348,0.3621198800566433,1.021005555621042,-0.45758713511670057,-0.8988596998099674,0.7793590292141805,1.382236569083336,1.5358916401737446,-0.24024850541025405,0.8528479741860354,1.371186260133401,0.4756915896728245,-0.22033665674763847,-0.8513715978400105,-0.8517196191444022,0.4360250849073366,-0.8811005997641186,1.8617319976412652,0.9296460649768858,-0.6605286029306524,1.25719201691871,1.188245003086872,-2.6542240789622156,-0.18854873435567712,-0.3224903220450536,0.015446601538496346,0.09718306488972447,0.5456033925955245,-0.3210233497392083,0.9752254169222774,-1.0273961347040779,1.4715674827177032,0.12668522469806417,0.19400234323528256,0.9464775258769746,-2.53180075806691,-1.4146064823906428,0.04954744849670688,0.5184411175502363,1.3759845471488903,0.3035377655658369
Nb,-0.501170865157195,-1.1459185434270138,-0.08478511920656352,0.36871589285202855,0.22763493572209603,-0.5438573167332327,0.2622846737737321,2.209105643766483,0.7422925708759371,-0.17809338666889865,-0.2941235987254757,-0.12352578980029773,0.7026281567924901,0.7427095772693062,0.11564723142222948,-1.064036162635724,-0.5475461781552918,-2.4906788562118387,0.34962898604442905,0.6830475584499127,0.5151036932211651,0.7758130937919673,-0.8366284948220795,1.4092538767656375,-0.9993538987033163,-0.42335448267189596,1.4288819236818862,-0.007531297895560847,0.12592412068653508,-0.1938382544999191,-0.7541273362814896,0.8064900618624211,-0.3412561340833492,0.3893532891773796,-1.6179846836476668,0.7771267838200816,-0.014598429769444518,-0.8707564289993541,1.7835694079199214,0.5667078587759533,-1.2342687729453221,0.6541834310219209
Mo,-0.29344990095156015,-1.2770181923106325,-0.1842469832140088,0.1634673830670694,-0.8058232380743117,-0.6906685076504234,1.2116655906502962,2.1528028344846093,0.10471876672562269,0.5829258043593047,-0.8582226079377944,0.5172444574142039,-0.6032209071742023,-0.29607812083198826,-0.3244086560003356,-0.5974946423160651,-1.0674553899645673,1.2853150137317972,-0.24658558417290682,-0.19129949483368408,1.8348803980230628,-0.6401634380968162,-0.16197703334053928,-0.04486675717726661,-0.12091463049409151,0.7606008809171934,1.2576857365735528,0.5516738653709978,-0.5439171337798202,-0.45376894699646414,-1.1474797970352297,-3.002397926004266,-0.9467700163967051,1.2427558204457707,0.2873571827432688,0.0931575352876092,-1.1370639052794114,0.414172948496624,-1.930678785777774,-0.6736072309917849,-1.4529354007934545,0.03027882248742099
Tc,0.08146329049623413,-1.4213902001962542,0.00010549828242533483,-0.331403976220255,-1.142679640907849,0.12836141139542642,0.8584555530712228,1.4380275936485305,0.29675428181388896,0.542880009506712,-1.3386991043945426,-1.9827572092324508,-1.3976683643362882,0.6376803791274631,-0.8677657678920525,-1.1866196942215055,1.5980300835970849,0.3075313280146001,-1.343025172331173,-0.14540737238897175,-0.6356040652835673,-0.9229292159013608,-0.5307982389685022,-1.5034776085449637,0.6302869256139494,-1.3053826785689366,-0.8871040193306002,-0.25865279309862926,-0.9494083152057832,-0.5477575440481244,1.0551407159848318,1.5937505026214802,-0.2207588596538454,0.5214556317725896,-0.5952721300520586,-0.6811367388874372,-0.5580511040221723,-0.6989297751963568,0.2667157986194665,-0.07735782333311308,-0.3123819707816361,-0.1594199640531931
Ru,0.13078655986968196,-1.6058606354937874,-0.4682908715099788,-0.557498195882856,-1.0787499568360823,0.7479181127343908,0.8332374088829584,0.6171133719568255,-0.2753920260403511,0.4760125372744541,1.1285179736949846,-0.012768464060984582,-1.0220656460628055,0.5457104033820324,-0.7418041815246141,-0.3000543846080875,0.47412525644802905,0.2339181023298772,0.39081100889862536,-2.138710912108436,-0.6724945420743097,0.8576859767061512,1.3025789610463612,1.4148591551620728,1.579683006055469,1.4104426940692505,0.3259478659755983,0.46321739062731004,0.4871727345912797,0.38009191897443917,2.0578803053015364,-0.3057156037777623,1.8673990965863185,-1.9316765015863167,0.6504838817208284,-0.043642020133608496,0.6183514716041827,0.6137275368988108,0.09803004045616515,0.7951941674925151,1.451529279110948,0.7861649659436126
Rh,0.32751179252894497,-1.4418912817877838,-0.6999047179121164,-0.7105256102254743,-1.1733461781345829,0.4247288705632092,0.4645293409400705,-0.08853056712215372,0.28982830170311014,0.42337529145979075,1.1125776437086858,-0.40853018052435774,-0.9010100377449874,-0.6636408950167528,-1.497231020853602,0.3556261904889602,-1.5301636303325539,0.7853101529194715,1.0554097911243117,0.9350571307191552,-2.2051009193308513,1.145516693737504,-0.2470061975849183,0.7236111136164975,-3.3247961851302175,0.47196313946390184,0.27759535906965643,-0.02008354350283656,-2.187165137349375,0.8927870919346037,-0.24386958772688855,0.7197958217271081,-1.4501603994475936,-0.552533638479731,-1.1516785826468945,-0.3002991911477425,1.2689437893370834,-0.14318450323605073,-0.8764192253761496,-1.1434546520416682,-1.6028807916966654,-0.35166599879364124
Pd,0.5827584703341073,-1.0882217926354252,-1.1341538321183826,-1.208416144051723,-0.7415525728280342,-0.2566049340361496,1.1263228447079963,0.06911957527971045,0.18373291435090675,1.4356655143470987,-0.8338965753001434,0.6310352688246104,0.11384216780614577,0.3564727916122042,-1.129130605693337,-0.990769236963748,1.3407244478346005,-0.49840469151265293,0.4946632259203378,0.8745038341691141,-0.2111987610589112,0.6007359546893606,-0.4432847815618908,-2.0879499266731165,-0.9191917974003379,-0.10547142538789472,-0.47813754154847116,-0.8299299404202548,2.9212465295210954,1.8528014746741657,-1.440425968720656,0.4231066380742625,-0.8678754163308611,-0.4029444506141879,0.7481345708420267,0.4075842851227284,1.8080565987095851,-0.12278288089050148,-0.9945138147360072,-0.3530371199290405,0.4626362159390705,0.5687589474023392
Ag,0.5963280867763225,-0.7556314928277362,-1.3619129709900455,-1.644691382439607,-0.8019350272651473,-0.6121557634907726,0.6382472142142829,0.2145799662447137,-0.7223071004933659,0.6968559799057275,0.9785185134952702,-0.4602315369879374,-2.1175529829637143,-1.1147874676111058,-0.9601642377583538,-0.04855273574062476,0.8412155883635388,-1.214732580650577,-1.3276709739268049,1.3233605921788236,1.1322914184631039,-1.246728688847338,1.5026740907625034,1.741084867551675,0.8868218554129159,1.154539845822133,-0.062106681537277726,0.7080998475067987,-0.6129366128436579,0.21738994516776652,-1.2359362783095247,-0.07671021280430157,0.37312929120781085,-0.3468540830624743,1.0657554515851058,0.05335760692246426,-1.0227533363010899,0.38219245008961805,0.5949250331526071,0.5871243252777275,0.011456967496929147,-0.5137535269968183
Cd,0.279756793011337,-0.29449180743339054,-0.7424724594837313,-1.4410231859585207,1.2685688912041755,-1.6255637924540542,0.09460566407060374,-1.1099923732687136,0.9652424324917114,1.4271830803151562,0.4455975802405599,0.12212689575130373,0.28023532048673483,0.7793684047829158,-0.2824412423389897,0.22107682393150155,-0.3441128115595121,-3.4743150693016553,0.7103840891728554,-1.423580792476262,0.03156781147008313,1.7504693529673088,-2.144843094946578,-0.44448425510932005,0.7761894933666935,-0.8465906083148143,-0.24567280315786785,-0.14316502176546603,-0.4695595930022912,-1.6491416242852202,0.5616829250904226,-0.24817166037159544,-0.6532324641592531,-0.2875959615168312,-0.6706100411085537,-1.39881852028344,0.6569633162026353,-0.11088084904370281,0.1354746906414192,-0.6824568519859984,0.823068581677403,-1.3052440950473516
In,0.05218762669672378,0.011652367061357275,-0.2785864762337968,0.7304610179532515,2.0445394092204943,-1.8271644348165432,0.39884275761154503,-0.5947201308263699,1.1312156832950457,-0.6235394852651028,1.4462884307893962,0.8571404781201505,-1.6761853962591207,1.6328309588442913,-0.2742388711747413,-1.8236963126940011,-1.114998553914822,0.7830488513014886,-0.9812474364431368,0.24522902757941198,0.3762225967231802,-0.04575643625832491,-0.06770912604079542,0.6249882553929148,0.46170984965949236,-0.2363234265907899,-0.3150528372828584,0.025686828764235104,-0.4509088150848054,0.07884416017160589,-1.113623603225918,-0.10646702200093704,1.126377131878894,-0.14548685898587885,0.6573086828090227,-0.4201280110327755,0.09386061141844274,1.5241989326292944,-1.224664803699484,-0.5204978659826665,0.17573355793377854,0.6027620839815132
Sn,0.43500404227909145,-0.3869591103228052,-0.8303599773811946,1.294026840800385,0.9417269254770477,-0.9774365122856696,0.6753720936951312,2.0814177950076256,-0.8267266896638485,-0.14849256792421126,2.704374192932294,0.3460749397485263,-1.4221665471502158,-1.3709656861043689,0.09444142569260233,0.04731140569970627,0.8624763911765686,0.3788112262616237,-0.8143980618503195,-0.23943844945939652,-0.60339487639023,0.05677603160329427,-0.7202471641609034,-0.908494378592668,0.5816348926013661,-0.571498288167399,0.5327847073018308,-0.4617118398056672,0.23955834787706476,0.011535879391006424,0.40001320673857815,-0.7228626756564376,-0.22294525258001704,0.02448412019334976,0.07270574968058399,-0.07920175768583415,-0.4828631379325143,-0.20172481137535153,-0.27774367767075087,-0.3924430443212181,-0.6013516097693701,1.3713969906197938
Sb,0.5980278740380817,-0.37501748115087497,-1.5204316562040314,1.5024530915928442,0.504981681500223,-0.2418665930986007,-0.10111771963442537,0.9418213628807041,-1.8574491608776047,0.8056988571809068,1.10503476209686,1.2327768770954945,1.542787312567021,1.2600818402795086,-1.2956571307599927,-0.6722130398293396,-0.09787387066250937,-0.4451273915774557,-0.7103708189908774,-1.318523924296384,0.30560755023656283,-0.2642525821721069,0.3236412447899946,0.35805140304916,-0.20484466982542548,1.5557576475001136,0.2633915579600246,0.9287835221199991,-0.6388838350827126,-2.2231412928434313,-0.7964774330699852,0.1396715220823648,-1.125498928194332,0.8604384438206604,-0.7906709603138865,1.1456782242074497,0.7696087303821594,-0.24380484892960186,0.39869797207006225,-1.1892360779895506,0.6664665995916844,-0.5243973327396744
Te,1.2884177083015185,0.019424423232761428,-1.734626482773232,1.3561423859916597,-0.391178403071343,-0.5558193400368813,-0.016321683027413308,-0.022299623024468605,-0.27152389704556756,2.5057282439950535,-0.6782068573773381,0.48453346901380007,0.25988020115956584,0.9012004871859444,7.901693131565425e-05,0.9513035810518286,-0.9798041903572658,0.4639774859839348,-0.8403264647406367,-1.5563515030772597,2.2471580495710013,1.570477753426596,0.8266305814407675,-0.24221672100035752,-0.40597543106854117,-1.5885777047483327,-0.5266073691521729,-0.5119006873435916,-0.3154182870689649,-0.06275044737719113,-0.32749226894226835,0.1702705154772467,1.2007842142897096,-0.8946802505235516,0.35916964558562636,-0.028527628610280478,-1.6169758478540022,0.1729749604696545,0.49817028274225794,0.8754870660653719,0.01988227064562361,-0.02124432258979125
I,1.7391307319370903,0.9563962072041443,-1.4926801411239272,0.7818983211350591,-1.3291870886686292,-0.9567523161001226,-0.6088688242478465,-0.37412637377594565,0.7851729343589826,0.8445582961819904,0.6368455369580382,-2.0996194222307683,-1.019453974297337,2.168728472521523,1.10176206779517,-0.685183763408589,1.0486660816648714,0.2544031638659604,1.4707641310707753,-0.5294102562131922,-1.1074618302155201,-0.16982568446235088,-0.29002538732845373,-0.37335606505808255,-1.8983324115518398,1.4181357096276352,0.5109370837380818,0.20057160400060833,0.11012197209392101,0.6905741377094241,-0.5492126445176856,-1.5611607443799966,1.323733567785095,-0.2379931741165547,-0.8732905237831503,-1.351208086201378,0.08338068417013574,-0.9670195880597465,0.7184607224665123,-0.11630868191976536,1.062363154175542,-0.5672243721801958
Xe,0.0,0.0,0.0,0.0,0.0,0.0,0.0,0.0,0.0,0.0,0.0,0.0,0.0,0.0,0.0,0.0,0.0,0.0,0.0,0.0,0.0,0.0,0.0,0.0,0.0,0.0,0.0,0.0,0.0,0.0,0.0,0.0,0.0,0.0,0.0,0.0,0.0,0.0,0.0,0.0,0.0,0.0
Cs,0.4188426673503815,2.394540189259035,-0.43816144644261085,-1.2045459672694405,-1.1287884175041323,-0.14894074519480793,1.3143500002962067,0.5348967721293773,-0.12742933688677732,-1.8050612898862952,-0.4991318821445557,0.9524268499237624,-0.17025239690774352,0.341129057040258,0.9734824644766725,1.241245349646304,1.015471692079719,0.8688943887480468,1.9067749766189654,-1.1613217861139646,0.5196744139538222,0.49013094733881146,-0.20963122898543068,0.9622518014574352,1.4706003359490851,0.09625617472721594,-0.2815448877358634,0.6428704708348635,-1.2247763237204006,-0.8340925494766472,-1.0979579965607664,0.4522305074975017,-0.348094772822982,-1.7937009551802738,-0.6022507323923647,1.1191009250884107,1.543404424122594,0.9795960403798069,-1.0343283476779725,0.09344530065343833,-0.24406272707602772,-0.46279517636036827
Ba,-0.6716001558195468,1.5283791111803222,-0.5737993493861364,-0.5363277662613691,0.5261853620775808,-0.05910490436417622,1.4959992253927843,-0.24516504339887446,-0.04393777233660455,0.6135955196810352,0.8716835672315572,-0.755152851678627,1.0224003340808816,0.09939235761415291,1.5263255130175972,0.7472857736957165,-1.2436559615334264,0.37947688632487725,-1.7931827332907504,-0.13124788339985302,-0.15194386010456115,-0.908283234909728,-1.8745941097947798,0.33980148727595133,-0.7463134998508052,1.0197928672438843,-1.9935461419982814,0.6211810862486356,0.850766405805265,0.21211000338081534,1.8567288955737804,-1.26395135966569,0.11549510829279096,-0.6909140778162877,1.5670283963270428,-0.5265773273487584,-0.7086065145050872,0.6429064368848876,0.9396779193003052,-1.5304336039990902,-0.24545751691601905,-0.2191314331896
La,-1.2490808850161454,0.6892720122053128,-0.7099794384207209,0.27784806628491854,0.011428373514435989,0.5343156828131267,-0.21965200120326342,0.4356923742728753,0.8028187377697447,-0.7761003422392967,-0.8071382825411415,0.2537735852254679,0.17576749964363472,0.17947996169058097,0.03843428126858891,-0.09249595204863308,1.3126218644288699,-0.2326660500470029,-1.6938100634898545,-0.3276652287231202,1.0869661089184353,1.8406371599969649,0.510129561833572,-1.380722997928086,-1.1954602962595142,1.357581387026429,-0.33806405849063115,-0.3085055257041825,-0.4313399943549118,-0.738723193572001,1.59111240984403,0.5455390615266353,0.45484289551778956,0.24450818176498906,0.565381347271608,-0.8888904319607316,2.984470997445512,0.725138307826163,-1.4390249502593095,1.6440803381950007,-1.1525671756076952,1.3020138286308518
Ce,-1.2516597585081548,0.48817016322311513,-0.3531775071082665,0.0994152506283128,-0.3058021958630414,-0.12972658267460263,0.05228152304937843,-0.027658601010219296,-0.9976746477595047,-0.2808653109105113,-1.5005331704090354,0.1352547509828123,-0.016643872610560807,-0.18467478391775463,0.2393818343242853,-0.2684556292214421,0.3789214577356752,-0.12963001424046885,-0.31632604465829234,0.6940433525941485,-0.07076661114728205,0.0017329563478751242,0.10609704481700712,-0.319247530566531,-0.873039489843166,-0.39597113897752034,1.1826143308008072,-0.3462424429923496,2.001418146860429,-0.2745183033601505,0.9897017262569153,0.680601113034801,-0.8785088782502102,-0.8320211775008928,-0.16698571601224124,1.9006020786797497,-0.5125816067397118,1.2940935647812164,-1.9932045444016435,0.36539881678668845,3.83499688799838,-0.16257783694807026
Pr,-1.1822743687464725,0.692041538763798,-0.32132826927047975,-0.00922277087740125,0.048975567730403576,0.16187102915793888,0.34996932255252194,0.3438488423871717,-1.4054824801360988,-0.06867801998843746,-1.509369045612897,-0.2577326479011044,0.8638807445577416,-0.6049331813287162,-0.1816020076307051,0.6460174759056038,-0.13898142034136907,0.03776840819610138,-1.123379396728303,0.20321237494573885,-1.3861570544353035,0.40388058360426254,-0.6136296658991892,0.2524858919310112,-0.09207766024390172,0.34823534391442723,0.08159963001272223,-0.4286233292243176,-0.3818130195330899,-0.3777001341532355,-1.1170107892054422,0.5833973720604535,1.1406859070188744,1.2925321899824613,1.6101002557299398,-0.8502685976432774,-0.399144763448242,-3.0462469921608495,-1.2616380808357086,-3.2994153763407814,0.7713381068822533,-0.5173921081604108
Nd,-1.1515739420074875,0.6335632576600163,-0.6342399438248337,0.3302544185922606,-0.01548130375630907,0.23907742118114683,-0.19095330624230283,-0.998995552071491,-0.31510055437461654,0.4397288570170288,-0.5246998937086639,-0.11887531445450618,0.3948577271119959,-0.5386986223793352,-0.28669397043226347,0.4953898947265658,-1.0282636235368543,0.5048864180871713,-0.6621761450762389,0.3717264236009216,0.15073261695052625,0.10123005375421436,-0.10527185626596976,-0.5998172684184052,0.7999164777006318,-0.22084756551721133,2.2922878882189015,-0.043426183006915496,-1.6980288343365764,-0.37228961135467314,1.187213390678953,2.15282061417855,3.5641672288646964,-0.08843220812739098,-1.3482370632472058,0.707390753350669,-0.546022646158773,-0.14727645454873053,1.4438246386828857,0.10983257318445827,-0.48049677553050746,2.20190400834588
Pm,-1.2891394993902077,0.6777296237112611,-0.014880682005197222,0.1570163534291635,-0.23594980895778106,1.2507304044723095,0.06417554662014395,0.3851034977439989,1.8483345916849647,-0.7390422354937958,0.7211366384575574,0.8648390152544032,-0.43208991560250776,0.08451786910154413,-0.3048623707173185,1.064491823743977,0.7434231872656836,0.45646176105221925,0.87958168503735,0.2889157983915613,0.12073210252501927,-0.5048751046909651,-1.2421894170347616,0.9213165897655264,0.37404027081929053,-0.46514040048601757,1.0135035464247344,0.8084720604350101,1.4161157774700213,-1.1526110250976462,-0.23722195194538587,-0.040162956108132204,0.8862560613808915,2.480849576382551,1.1732482016423456,0.4414214186824757,1.5575362004659838,0.8386327499275811,0.4674148119536584,-0.18631381024201238,-0.8976311822861289,-0.6323160020496242
Sm,-1.279871364721074,0.6272432347045168,-0.277188280842246,0.22572313466127067,0.004866635795910744,0.11451695514403785,-0.27753223924262405,-0.8543243619767917,-0.6027837039479255,-0.1209641933745126,-0.26591556421324847,-0.18003391633949584,0.4671160515364861,-0.11667884061811222,-0.5206574611077814,0.4278867883490621,-0.37449714254550887,-0.34513506616238454,-0.8270327991252977,0.20140299368803263,-0.4172422097086018,-0.0352741585299435,0.27338185696249045,-0.409866039845585,-0.45916021853740463,-0.4055195339957449,1.5192326698221896,0.09055846900562022,-0.07162475567221563,-0.6376514697676897,-0.9051639977177168,-1.1649535690085147,0.6883349347568307,0.8157110039247388,-1.7249367017745412,-0.551991120612518,-2.56797874552647,2.9925694325813006,-2.326528706339894,2.280575739638769,-1.103876570795968,-3.005515523968728
Eu,-1.1817287916520018,0.7421706986447272,-0.6315742496813757,-0.2916220613894624,-0.07420910268506734,0.8439070705048177,0.07080832031651535,0.05879775557307439,0.2780783513755618,-0.6607248778405249,-0.22772721006333693,-0.20067436643598344,-1.167257141317662,0.059644237684523156,2.247785622029572,-1.4033891304499688,2.0289643464702487,0.3634111737502499,1.5012078111878966,0.9109488734465897,0.5170638787308232,0.13821517597742844,1.5681136394133024,-0.800568608594263,-0.8101224592735486,-0.8921468892856924,-1.1082209721272225,0.7415185713173048,-0.670982329339364,-0.9515357824601393,-1.2817223931469661,-1.2216237244641215,1.6160099334631892,-0.3132957716332245,-0.87841636221258,-1.4816377710465534,0.9021122355721307,-0.093550299192773,0.6375662861100521,-2.100055863086724,0.3729308146983676,-0.8089628017581049
Gd,-1.3896630255662392,0.5239981275953334,-0.5717012433558484,-0.01974855558970928,0.39813811657371495,0.9162461617022052,-0.2225540939607866,-0.03693509957050786,0.8194322156711847,-0.7761667888247001,0.30002935147517223,0.1619009665749691,0.46924940061381465,0.022256476396385047,-0.3618669855252849,0.2773257700971774,0.38761076250787807,0.3925774293129228,-0.6530433566805368,-0.4639339105418733,0.5263267446299976,0.7086970281263237,1.2976393894272797,-0.15316942270847123,0.12194561540712057,-0.9273924894793099,0.7399363102192367,-0.28566962765703896,0.22727327162672542,0.042069621102614634,-0.8066523574553466,-0.6737164447597008,-1.8890222294456511,-2.416873706352061,2.1896646300330307,1.620856065808956,-1.2805418710971617,-1.3981190702871262,2.3052761536792956,0.5373715930219819,-1.9738926121789437,-0.7859948052266421
Tb,-1.208411904925413,0.4503728658868872,-0.1594332650660073,0.41553454938889983,-0.263333794093512,0.23218432588326238,-0.016665130938026372,-1.0691182760446911,-1.5627404348052683,-0.5540182387275915,0.5979062586426903,-0.1904576569607376,-0.4185209938302836,-0.6148713802338387,-1.0483611286403163,0.6829650981868542,0.7030696858691106,-0.18886876135662448,-0.039281178740921935,-0.7288885046179386,0.2501030239710259,0.027078831328237192,0.42293469215855045,1.262289361401838,-1.6659932471706296,-0.06844051812513692,0.3846542717335535,0.6940151891281053,0.5612936513087514,-1.0460014453399573,0.22433775522223945,0.31894270288033666,-1.2149697405970292,1.283004424281154,-1.1325844229539868,0.6213067350166502,0.224831634960662,-0.9738535079934337,1.1285227709778598,0.021800565679506827,1.3697456216305803,3.1455433785295392
Dy,-1.3054773752959468,0.5034892148788007,0.40103777123816536,0.5203439390930279,-0.4670441569219459,-0.45665212042820447,0.133102016627225,-0.1865731812834602,-0.9107998385922575,-0.2506729803560128,-1.3128809603151088,-0.1590487088287975,0.4261192684185475,0.13526129614062574,-0.3870502380360489,0.24881783840553012,1.0240334712816597,-0.26459530071726234,1.4601243599881353,-0.1743676642423236,1.035426458667175,-0.46881485069731194,0.16338439761686918,-0.3900231949261066,-0.3207964857529556,-0.7401713433849735,-1.252109983785006,0.23054928573074554,0.26987511775631684,1.2781069978560733,0.6476231487047822,2.0570286902245445,-0.3345649179038532,0.19843957503803655,-0.7876247272525914,-1.0908304973507095,-1.3872271647182,0.212234128551529,1.2241933883415186,1.3451160081992508,-1.851220323173995,0.6256856621229658
Ho,-1.3385299547083476,0.5047647027900605,0.360440168845674,0.6585843727259734,-0.4676273591269222,-0.2712290078920495,-0.13723500957466336,-1.116804579221336,-0.6665797322268588,-0.35876752503062753,-0.059975991006109564,-0.4569660760505114,0.5501298608147059,0.11720054251062051,-0.409293168003604,0.6154447297757768,0.11645402142761958,-0.17056441340035333,1.1360538579515298,-1.181253958525869,0.4634110601638513,-0.4621043901698226,0.5947940447893285,-0.28162362181470924,0.6113872085511244,-0.21803676891627005,0.35846762389848685,0.08943174435298734,-1.1457558963939054,0.8654620403848976,-0.19228413557056023,0.5465546457465595,-0.5799403594659539,-0.5497734783072221,-0.3194831220005052,2.21788255653055,1.2329630475943911,-2.11415334358975,-2.6604003949657145,-0.3499765988574378,0.8261779832488328,-2.1204215587517825
Er,-1.336506284135732,0.4808078199985131,0.4298365747821363,0.6794289531738339,-0.4441262036295986,-0.3663228253175088,-0.2718659285412367,-1.087267967380363,-0.7947181656724399,-0.21439018431870063,-0.12250074515863581,-0.17602522547373123,0.7695388241734181,0.10365467257076118,-0.556904958847138,0.5640086047717686,0.02925870579743103,-0.3670546317039172,1.0905730483088316,-0.9718168592525944,0.16540901155193516,-0.8040079280976976,0.326044863995095,-0.1341563939411013,-0.13034742449308373,-0.08897982365660963,0.6335048117240706,0.202485824891978,-1.1836910804293113,0.17238895857094633,-0.17398222240488043,-3.336695400201011,0.13998318942924168,-0.7995166242273268,-0.42921107046147533,-2.336767642162652,-0.16162277562319807,0.963351863522196,0.16134062027473672,-1.1484738036156377,1.0593772073780572,2.856517360810548
Tm,-1.2373309754571211,0.1691444874732189,1.0159257001972972,0.7445233479058947,-0.5150319566919231,-0.3502700183456983,0.5963075938237861,-1.3076468539454398,-0.5210251992173656,-0.37912050418414167,0.5914085617275772,0.5680175107281851,-0.604528561536897,-2.5687082795772986,0.2441808818668725,0.16686587579018558,1.2049584802285853,-0.7247457992560872,-0.07532782730491251,-1.375367460354336,-0.18199691991472156,-0.04742694653751348,0.029743952074484593,0.6779628490416495,-1.2754005320039778,1.1667046050277186,-0.21131264054573626,-0.5667305847230669,-0.3282731436083108,-0.18197669699814756,0.5345780406206673,0.4356062446557218,0.7987193438592779,-1.1736781810444088,-0.936160207535724,0.052260589586829866,-0.47997799512380185,0.5179694092601551,-0.3897521151880509,-0.7553981673259414,-1.4807729814439785,-0.8702839434277684
Yb,-1.1580150196493983,0.6573562901658598,-0.09868394755473522,0.12475111964227566,-0.624644582196276,-0.20591507187524974,0.07467546331493807,-1.380258073178594,-0.8554730667405602,0.7297835175788763,0.4111205115550483,-0.9202832444765178,-1.0062536148121308,1.0132931542003263,3.0506451710908458,-0.9497909663897669,0.8015831662220767,0.8123471629596105,0.5889757351256399,0.8930962751234643,-0.03862690754069257,-0.08632681223485686,-0.724427961252002,0.8101875172925265,-0.2595974679069603,0.9752384112384759,0.949869490921993,-1.6773901243701286,0.5024011633670757,-0.3713837313594584,-2.5703099984127293,0.2537928670257235,-0.5833489473631709,1.515045121675915,-0.10028233615448116,0.2935865792607944,-1.1565992111448917,-0.26607580025216065,0.8304116829496233,1.3157427796979058,-0.11438329599468988,1.5075690461054088
Lu,-1.1390572193045125,0.12891298080284583,0.6161093755794022,0.31190071921794166,0.18291933338524075,-0.7246422122478766,1.3692561327997292,-1.26612756281627,0.8239534793120727,-0.4219970057568311,-0.06784428936333704,0.35526480877644456,1.3404502884048164,-0.3404757985078007,0.31409834775491263,0.37188584557234844,0.45409382581091234,0.8635075086867977,-2.677338043140259,1.2243264036769321,-2.1655187554943747,1.489979085315826,-0.8732984949214831,0.879520824765244,1.570978614564885,-0.656176611894157,-0.6495317196512693,1.9091844989321118,0.5286363350268468,-0.2831240448115659,0.4465063299557051,-0.4033716870829,-0.33654757360312587,-0.38676601922496306,0.43643224663950536,-1.1311747952897457,-0.035224105621995336,-1.6956542791912739,-0.7216936438616041,0.7355468243264834,0.3606146854171651,0.4496090748899162
Hf,-0.7963880278383837,-0.8088206246794432,0.42821756390922044,1.0022063627573228,-0.08468357628177127,-0.6631015458754032,1.2479231991075646,0.6739474293498827,0.7565470236733542,-0.2249533978923967,1.4839505609264059,-1.063451866468487,1.4028129292746843,0.4787643308211152,0.7993962423615999,1.9665887895462852,0.1914921611913995,-0.6870734195911372,1.302970928669533,1.8388357323916038,0.4104636905760077,0.20547158443374833,0.19044324987133593,-0.5043551410891386,1.0240783958619115,0.6374284369554735,-1.5361512321882995,-0.8475555637345822,0.7066618328099781,-0.19393652512732096,-0.19454852399557468,-0.3540873806802339,1.3087872885195881,1.2905368723877697,-0.4853117909252676,1.01539562994359,0.6408575859622803,0.31263821104729167,-0.6556922914058235,0.028427427209956085,-1.202895154678045,-0.5482488086824395
Ta,-0.6379470005793137,-0.9975068452278554,-0.012618053684374644,0.9234779593630597,-0.13783083260737258,0.022042621599826683,0.7625228719556542,0.7121236933416688,0.9392650291377479,-0.06888944379837382,0.5958294467478099,-1.1016942859293595,2.551291405148523,0.2741214538126828,1.192921843960001,-0.29802676940438316,-0.21079377594924897,-0.5624474248528217,0.39272641077287984,1.0029308216095607,1.3290926777763854,-1.202270630475616,-0.8021047104525004,1.5452472415717033,-0.43921565464163226,-0.1558561883056907,1.7433749949613992,0.08877421626851004,-1.3497404748493598,0.26337602848897235,0.5968614406519218,0.9293507542283571,-2.542105679311465,-1.26504949458548,0.05355841957877113,-1.9814688601546118,0.708211078799897,1.1503633425608326,0.8471874769562683,0.9273930208109159,1.7913367312014887,-1.762068835510927
W,-0.2740106795965794,-1.3648901107571927,-0.00033158990353935567,0.03918555801381962,-0.4201507674044785,-0.4805951616054995,0.9452377700996024,0.39075484695069385,0.9035077805774981,-1.1858612622308067,-2.3569948187581873,-0.3560689743575407,-0.7237659971378987,-0.4033736942558532,0.504021684875037,1.6427913313548126,-1.0395873791708974,0.23858551355529228,0.34765120502748204,-1.1426557267165183,0.8126046758492985,-0.5107465722992843,-0.044688994561912124,0.7637697641759917,-0.2531285740337144,0.37489734977042,-0.11107352052707772,0.7258453241906314,-0.8121506372545116,1.5885899844580034,0.7360550433273984,-0.7552652317268675,-0.35912929942573524,1.6458322611882035,1.9135950618822353,-1.1390619073956356,0.006417954512408163,-0.393958584103534,-0.1386357671320156,-0.20492410565808458,0.5050628298914005,0.9472669875451988
Re,-0.1924993291936371,-1.501974705862029,0.07257123214349534,-0.09938335424465461,-0.38896840701451874,0.13769652510269706,0.8032637355736268,-0.6348996566249211,0.9540578295608119,-1.053491251233675,-0.7851455647634774,-2.966227552081145,-0.7936605280396316,1.1852170012614862,0.987190065050881,0.002254521461986791,-0.5471220316042413,1.0150312458617428,-1.1429975322645862,-0.5726997605252049,-0.636846560315331,-1.3022655208710823,-0.46882078476822736,0.300118428423891,0.11901913795197608,-0.6597159217948284,-0.5802717348334306,0.3982585119265447,0.8312330608404943,-0.45900670998225857,-0.5834924043592856,0.1974967148632081,-0.890782362801546,-0.1768866880786644,0.2661145054971562,2.891395881358452,0.03652858654231527,0.8687825647092984,-0.30373668885104016,-0.9150003983749436,-0.17010875517820556,0.24179816124810202
Os,0.24338889628068053,-1.5003754181814404,-0.7494322881045465,-0.2762985023580566,-0.5593296098800672,1.4411568513133122,1.6169177034235063,-0.774780340017193,-0.29879948845266685,0.017067532781030605,0.11428809278302121,0.40834534040198395,0.38612920554932806,0.12442241763077863,0.524772632618596,0.6822349926432745,0.7760619977912944,0.585777038410586,0.7439588940507038,-1.813285744471426,-0.8967124569350335,0.4263581901952574,1.6522028594617173,0.7259606520068246,0.8443138751566912,0.6665683968726638,0.82266859106165,-1.5975789663656097,1.7838900956460113,-1.3958557245127752,1.5241827201173324,-0.41976687717510086,-1.186096464580699,0.317209750453833,-0.6273310526042357,-1.5314613362046148,-1.4208643358959352,-1.559081357395803,-0.6457994268968132,0.15869168938684214,-1.3623197755603542,-0.9723792176419647
Ir,0.3079468923548181,-1.457527029058692,-0.8371206866740275,-0.4440700560813547,-0.3935235500306791,1.0140987483292074,1.3961896368781246,-1.3552276281609643,-0.674494009626343,0.2308733207681102,0.10578519973307048,0.31061430186195416,0.48715575178736464,-0.28950464198563053,-0.920779460102431,0.49678798959312254,0.8472794798602393,0.9786567444453405,0.25009972891621585,-0.3227809793876347,-1.1017676554373557,0.04540054902944696,-1.1087577923742804,0.8190535069817927,-1.7502472448876063,-0.6746423220225363,-2.4678606726929986,-1.0335222007132319,-2.1020577430298797,-1.2458944056089294,-0.17990190383136098,-0.534085817746226,0.343808774643185,1.3397384842373772,0.3726779742864141,1.284698043738436,-0.7333681220019157,1.0329489739571587,0.7698737219576756,2.111461509314111,2.1992840190489775,-0.04683840084286466
Pt,0.5179812464176353,-1.2688911147666975,-1.2179991732450737,-0.4110902344040638,-0.7265842888008198,0.515654715037012,1.5225263481678162,-1.5575331808255681,0.38283241917827854,0.4455193688566843,-0.4610212740055465,0.5869881394426896,1.3637969802836962,-0.40572600199226044,-0.7420695488109554,0.8327340383143844,0.6607255972939085,1.0340457058695036,-0.19248528566118858,0.4303840391627855,1.1067167226290922,-1.181409164515431,-1.4973014235942295,-1.6530103135829601,0.8313361101063834,-0.7371925546077807,2.7313041480269264,-0.2103310228888755,0.07917691173659236,1.1303997817248976,-0.43984342251519243,0.37843911826092064,1.3750858950264084,-0.052707223489561986,0.5326942538338436,0.9626750375479043,0.13425634359156316,0.7536066869528955,1.8565104936041796,-2.4636571353265095,0.29425293170832284,-0.36056437870757446
Au,0.8500508530760627,-0.6040671131485527,-1.8047621758642023,-0.9701341709409921,-0.8429448577950827,-0.07245857035035147,1.5868758368923201,-1.9661102082551623,-0.1421915486320506,0.047409283746944794,-0.4670388943807294,-0.43568556474043935,-0.22857945886690453,-0.9067699995603481,0.864190953184876,-0.1477025509320677,-1.4748275238991657,-1.0468984933066319,0.5987309065392132,2.477912572828113,1.3443232294593213,-1.1820844186580428,1.8364724378567512,-0.7762422133258449,0.828995407880639,0.03022166913975617,-0.6185773215208571,0.5785192481207457,-0.5310120882355643,-1.0325754357736643,2.3489628136198224,0.0845345299865409,-0.7931523364314155,-0.01777765372725333,-0.6774338089989066,-0.44895279130837634,0.5824912642055315,-0.6959260678185133,-1.1137629219344352,0.3658671980903632,-1.2904882919070109,0.7848610140627809
Hg,0.6896543985399665,-0.09510098285517284,-1.052218146617066,-0.9930715491517805,0.5016462551181291,-2.0390130864011984,0.5087083549338391,-1.9445821804190984,0.6138626499346569,-1.7466564500642194,-0.1007155661051403,-0.019379336069861326,0.37986155936240645,-1.9482365422773749,1.7536887326423132,-0.6532635560761837,0.06010328935097026,-1.6961768078566455,-0.6304464758637348,-2.017868562464251,-1.8958798336400393,1.0568651623484024,0.5066251711267454,-1.1655808977421152,0.39937186168266636,0.03376302767019934,0.5613811792030136,0.6270380080293302,0.010218388080189945,2.083319392857321,-1.8649248361731918,0.3181734306055353,-0.30543554792288474,0.00044012621994247205,0.3830005670558886,0.1760900990814826,-0.030962861058586817,0.7695868508068436,1.3024516287404084,0.6911900682532077,0.3443797667474035,-0.42029847679647286
Tl,0.13796215655903174,0.21528421025361189,-0.6127573688420349,0.48010155234928126,1.845067921984849,-1.7826112967763006,1.131398710131991,-0.5187854418737972,0.2344330975637369,-2.6215691425224996,-0.4193496262613692,1.5155034937280027,-1.0332409530024529,0.30617277524054143,-0.4264880720153512,-0.7166987310224517,0.3206027914856464,0.5802929408124744,0.019721476333639815,0.8665958454625654,0.42030234856354487,-0.9735636059860574,-0.12262830965557983,-0.2003310263309823,-0.7856683469932165,0.44634073604862584,0.017903018426620253,-1.9932520407684686,-0.690566271036628,-0.47236673852247674,0.7314111556258422,0.4366631423006983,-0.2390779163399903,-0.22451922384665457,-0.7418872789378921,0.22068904062884095,-0.6703931775035853,-1.4042103362823766,0.8473289129659726,0.1803586166961104,-0.048974647174444864,-1.214844985929386
Pb,0.08282951590484712,0.0032747083146015574,-1.1793318597405325,0.9060099600837036,1.256260186759117,-1.1479870950807691,0.1464662388965904,1.409741338500069,-1.364293169321797,-2.141469329406999,0.2725161262531115,-0.8695681715015328,-0.1453839195322633,0.34014451089880665,0.3445962841755551,1.6850773802522674,-0.791692966953018,0.7085603084052644,0.42501340546476135,0.27415994829861323,-0.14269091335421585,-0.28934676755910194,0.4057173113253786,-2.1634221752325304,-0.07753771483558157,-1.4348287477142763,-0.8002189394911289,0.3903778299165476,1.596694491031286,-0.25731508510190587,0.8313267411683984,1.088120877291729,-0.5321002002964068,-0.09242707151136396,0.6713667207355135,-1.5448932763316945,0.2728633461973203,1.5439034821014614,1.1102487789161553,0.3741905343665244,1.110511324241673,-0.7193110646121119
Bi,0.26709731026010497,-0.12462210065124278,-1.4984719998121532,1.1735648424711123,0.7364088516317269,-1.0726927753398454,-0.29138589967412243,1.1531224237152553,-1.4289893028263918,-1.9882920547656813,-0.6907068937013084,-0.058410773031874974,1.9683590300408105,1.0053348119751502,0.8596703197524505,-0.06916543110983932,-0.538276205681867,-0.5123351653858459,-0.2517923243262454,-0.5193184753866935,-0.05249872853500102,-0.445781665283025,0.28605665926333523,2.006906168184629,-0.6288297469503533,-0.21917047433593725,-0.9027764638464882,-0.1686671702025655,0.3882988294875643,1.0583870709069108,-0.7649168080452274,-0.01755716091407377,1.6893174114915972,-0.6917189655067921,0.1755182186990588,0.6627787804976057,0.904021330961042,-0.7950835139129226,-1.4316549807872643,0.3762174395460491,-1.819863721003988,1.4734654494121369
Po,0.0,0.0,0.0,0.0,0.0,0.0,0.0,0.0,0.0,0.0,0.0,0.0,0.0,0.0,0.0,0.0,0.0,0.0,0.0,0.0,0.0,0.0,0.0,0.0,0.0,0.0,0.0,0.0,0.0,0.0,0.0,0.0,0.0,0.0,0.0,0.0,0.0,0.0,0.0,0.0,0.0,0.0
At,0.0,0.0,0.0,0.0,0.0,0.0,0.0,0.0,0.0,0.0,0.0,0.0,0.0,0.0,0.0,0.0,0.0,0.0,0.0,0.0,0.0,0.0,0.0,0.0,0.0,0.0,0.0,0.0,0.0,0.0,0.0,0.0,0.0,0.0,0.0,0.0,0.0,0.0,0.0,0.0,0.0,0.0
Rn,0.0,0.0,0.0,0.0,0.0,0.0,0.0,0.0,0.0,0.0,0.0,0.0,0.0,0.0,0.0,0.0,0.0,0.0,0.0,0.0,0.0,0.0,0.0,0.0,0.0,0.0,0.0,0.0,0.0,0.0,0.0,0.0,0.0,0.0,0.0,0.0,0.0,0.0,0.0,0.0,0.0,0.0
Fr,0.0,0.0,0.0,0.0,0.0,0.0,0.0,0.0,0.0,0.0,0.0,0.0,0.0,0.0,0.0,0.0,0.0,0.0,0.0,0.0,0.0,0.0,0.0,0.0,0.0,0.0,0.0,0.0,0.0,0.0,0.0,0.0,0.0,0.0,0.0,0.0,0.0,0.0,0.0,0.0,0.0,0.0
Ra,0.0,0.0,0.0,0.0,0.0,0.0,0.0,0.0,0.0,0.0,0.0,0.0,0.0,0.0,0.0,0.0,0.0,0.0,0.0,0.0,0.0,0.0,0.0,0.0,0.0,0.0,0.0,0.0,0.0,0.0,0.0,0.0,0.0,0.0,0.0,0.0,0.0,0.0,0.0,0.0,0.0,0.0
Ac,-1.2470064994494003,0.8252809741066832,-0.6606697764099915,0.07571283023161947,-0.21229291294313637,1.3637209554529985,-0.47145461484843965,1.6348904593914038,-0.20649156404184218,0.32257537093382294,-0.9084071742595428,0.022379947154521105,-0.4269398360091535,0.28511252782558977,-0.30521905969572344,0.7357703438201383,-0.9722030315559642,0.2413286841702788,-1.7935782478912854,0.45512742927171684,-0.4374559272208813,0.7095364220255226,-0.11413800981571821,-0.6579127418411906,1.5319277771682471,1.473459636155857,-2.9245299828417264,-0.15963202029998053,-0.3550206801305978,1.567064200273735,-1.284127834740495,-1.3133108446163804,-0.7915047249577041,-1.4185207876761605,-2.986544376033373,0.14519790144268233,0.1634628697707688,0.03878196701849849,1.4430451011302403,0.44087709628085126,0.5416901442881036,0.301052979318952
Th,-1.3510822829267974,0.25151753619982814,-0.052389845100251124,0.8406439149871197,-0.4453867721542872,0.6183370164209284,-0.9344919548533475,-0.4423814856081149,-0.9227106220312568,0.8330346586339318,-0.17826082222249962,0.21799285590001147,-0.5732310659976168,-0.1685715744564441,-1.1363389564381914,-0.43815515833382346,-0.9603586401050828,-0.7383083792920112,0.2310203921660636,-0.01575710385384961,0.27452950089737965,-0.6730081056143643,0.9432730680957689,-1.1130226033907633,0.8569781130064791,1.2436056102740385,-0.9075818896166783,-0.9911532674279455,-1.2406552218131532,2.61325451713997,-0.2435309632438281,0.01513579632342,0.13371682068510035,1.9888830570485687,1.913710123247611,-0.9361159513799491,0.9578069470760553,-1.0272778548473838,0.990995734671137,1.0555186083409496,-0.49174122707551887,-2.318125814925996
Pa,-1.1929679293060915,0.17320257137096845,0.12889429923793058,0.991239689383004,-0.5233337769660178,2.021175175208657,-0.5314729528578498,0.3777202492157445,2.200920957787945,-0.16101121851065622,0.4385757232059588,1.0759432443241312,-0.6591959308420611,-0.7116555454223075,-0.4268748544600871,-1.0067223247994068,0.189250705919962,-0.14710319216669748,-0.456718753829569,-0.48606343579972516,-0.35603703965137795,-0.321167664712193,-1.2082767230916458,0.06471362673567375,1.4743898978655499,-0.5727659872758417,-0.30632827640938354,0.17877066780783643,-0.7898824876950011,0.6464288465870057,-0.5530536535329734,0.9408479727474698,-1.6612705834596955,0.7915670500823087,-1.2426847939234804,-1.4346775288264555,-0.9686046204516404,-0.28154652644257305,-1.9539073906012023,0.180990633838534,1.271672183729632,1.1620612461352984
U,-1.3163764752548828,-0.3193209681835021,0.28187367094068794,0.5134094180225005,0.5022938047944371,0.3930068236894709,-0.7381979026652237,-0.7885006504841088,-0.7373870728120224,0.4201504351241599,-1.0830096173751644,0.3096068178181727,-2.2998410867484074,0.06934772021392965,1.0145036411968253,-0.7024221962259767,-0.6376775734303419,-2.7407705027826883,-0.2197848311525755,-0.10156415929710617,0.3884531099965277,0.6542238324162959,-1.5785203819195859,-0.1892207378074415,1.1501926490105603,0.13751775410982103,0.30333644216853295,-1.678917276029884,0.41449838283491763,0.3423443454813107,0.46778196842500286,-0.5392300308725752,-0.7101125703000163,1.2763529368683137,0.37918028081687966,0.3864743690272954,1.0357420929988166,1.7284108067750295,0.5775211767645237,-1.2753104452808137,-0.9721770684503874,0.4236215034190838
Np,-1.2211845533350008,0.35967052021988083,-0.025269031243493504,0.9185346204758175,-1.2261318153243468,0.662784383501513,-1.1266198927420836,0.06627137498149556,-0.7422780541175568,0.7833945770459391,-0.4206640032479039,0.5451301674748948,-0.8681357559920038,0.157765729658671,-0.6692790622818695,-0.49686151033119696,-1.200686937800283,-0.6218537117230254,0.48891602407496937,-0.37883852122414935,-0.4707523847455036,-0.34501015973542076,0.18656425952399172,-0.15898593489508323,0.4317068324007493,-0.6457376036271913,0.4526326527634097,-1.7068672477459574,1.2127765845549958,-1.1159604864236592,-0.05079801828300063,0.4206289010573282,-1.5239895777344716,-2.3702277071894597,1.709147162762736,-1.4274719567051897,0.11232667666998798,0.9035395367398007,0.03741733042962146,-0.817757589787761,0.035578214603153524,0.8971810028768084
Pu,-1.348411383645346,0.14614130549415566,0.5872983005200253,0.7834470842027359,-1.5384557257698406,0.5912891869719925,-0.80374800094506,-0.28182473114243356,-0.7973962638692249,1.043549766893725,-0.249217669758139,0.6801417245619664,-1.4973492417836276,-0.20451167185608482,0.3907149834893566,-0.8899373685994619,-1.1083614621191087,-0.2647171491089971,0.4400591943842986,-0.21490030886258243,-0.7003465568167829,-0.49563663361081783,-1.4214252722822756,0.3367594090035183,0.10230774217068819,0.11999060063029443,-0.612942843250798,0.7066134217055996,1.1666313699026176,-1.098524507810426,0.7974848221922477,-0.8673981622502765,1.925096208589154,-1.580115296066939,0.4238246621678109,1.9820509019423578,1.2363360388589115,0.043423197508847884,0.6553326575314209,0.9627445302892156,-0.18279434744343764,-2.0251654867880093
Am,0.0,0.0,0.0,0.0,0.0,0.0,0.0,0.0,0.0,0.0,0.0,0.0,0.0,0.0,0.0,0.0,0.0,0.0,0.0,0.0,0.0,0.0,0.0,0.0,0.0,0.0,0.0,0.0,0.0,0.0,0.0,0.0,0.0,0.0,0.0,0.0,0.0,0.0,0.0,0.0,0.0,0.0
Cm,0.0,0.0,0.0,0.0,0.0,0.0,0.0,0.0,0.0,0.0,0.0,0.0,0.0,0.0,0.0,0.0,0.0,0.0,0.0,0.0,0.0,0.0,0.0,0.0,0.0,0.0,0.0,0.0,0.0,0.0,0.0,0.0,0.0,0.0,0.0,0.0,0.0,0.0,0.0,0.0,0.0,0.0
Bk,0.0,0.0,0.0,0.0,0.0,0.0,0.0,0.0,0.0,0.0,0.0,0.0,0.0,0.0,0.0,0.0,0.0,0.0,0.0,0.0,0.0,0.0,0.0,0.0,0.0,0.0,0.0,0.0,0.0,0.0,0.0,0.0,0.0,0.0,0.0,0.0,0.0,0.0,0.0,0.0,0.0,0.0
Cf,0.0,0.0,0.0,0.0,0.0,0.0,0.0,0.0,0.0,0.0,0.0,0.0,0.0,0.0,0.0,0.0,0.0,0.0,0.0,0.0,0.0,0.0,0.0,0.0,0.0,0.0,0.0,0.0,0.0,0.0,0.0,0.0,0.0,0.0,0.0,0.0,0.0,0.0,0.0,0.0,0.0,0.0
Es,0.0,0.0,0.0,0.0,0.0,0.0,0.0,0.0,0.0,0.0,0.0,0.0,0.0,0.0,0.0,0.0,0.0,0.0,0.0,0.0,0.0,0.0,0.0,0.0,0.0,0.0,0.0,0.0,0.0,0.0,0.0,0.0,0.0,0.0,0.0,0.0,0.0,0.0,0.0,0.0,0.0,0.0
Fm,0.0,0.0,0.0,0.0,0.0,0.0,0.0,0.0,0.0,0.0,0.0,0.0,0.0,0.0,0.0,0.0,0.0,0.0,0.0,0.0,0.0,0.0,0.0,0.0,0.0,0.0,0.0,0.0,0.0,0.0,0.0,0.0,0.0,0.0,0.0,0.0,0.0,0.0,0.0,0.0,0.0,0.0
Md,0.0,0.0,0.0,0.0,0.0,0.0,0.0,0.0,0.0,0.0,0.0,0.0,0.0,0.0,0.0,0.0,0.0,0.0,0.0,0.0,0.0,0.0,0.0,0.0,0.0,0.0,0.0,0.0,0.0,0.0,0.0,0.0,0.0,0.0,0.0,0.0,0.0,0.0,0.0,0.0,0.0,0.0
No,0.0,0.0,0.0,0.0,0.0,0.0,0.0,0.0,0.0,0.0,0.0,0.0,0.0,0.0,0.0,0.0,0.0,0.0,0.0,0.0,0.0,0.0,0.0,0.0,0.0,0.0,0.0,0.0,0.0,0.0,0.0,0.0,0.0,0.0,0.0,0.0,0.0,0.0,0.0,0.0,0.0,0.0
Lr,0.0,0.0,0.0,0.0,0.0,0.0,0.0,0.0,0.0,0.0,0.0,0.0,0.0,0.0,0.0,0.0,0.0,0.0,0.0,0.0,0.0,0.0,0.0,0.0,0.0,0.0,0.0,0.0,0.0,0.0,0.0,0.0,0.0,0.0,0.0,0.0,0.0,0.0,0.0,0.0,0.0,0.0
