element,0,1,2,3,4,5,6,7,8,9,10,11,12,13,14,15,16,17,18,19,20,21,22,23,24,25,26,27,28,29,30,31
H,1.185359417772833,1.2470386793890222,2.1076212131219734,-1.9222772070706913,-0.4510951450908194,-0.752551971674185,-0.8918463736376927,-0.6344440113302752,0.8766025150440508,-0.20265138654683315,1.1456403321767,-0.4861567879591846,-1.0380762624054714,-0.22275776445486895,0.9697656525353499,-1.972296543818242,0.05265425113435225,-0.7017852576614588,-1.810047640890526,2.4325073978940948,-0.9395852319299813,-2.0542401453071326,0.5264326975007673,-0.18496790826150156,-2.19654750070794,-0.1192284198201466,-0.003957185338508477,0.48491492455635493,2.9781010625589133,-1.4381077033902738,2.5062937760610016,2.1417992316906793
He,0.0,0.0,0.0,0.0,0.0,0.0,0.0,0.0,0.0,0.0,0.0,0.0,0.0,0.0,0.0,0.0,0.0,0.0,0.0,0.0,0.0,0.0,0.0,0.0,0.0,0.0,0.0,0.0,0.0,0.0,0.0,0.0
Li,0.44508609994365217,1.4893766099513204,0.48993111625741537,-2.4675545021717142,0.45569224912929984,0.17521767140337008,-1.0227895424872435,-0.30274207495150746,0.5969768795457525,1.04573932985135,1.582555526218886,0.548645877943719,-0.9797481080302177,0.5529810054680914,1.2454902178151814,-0.3219104178272573,0.41048032591479944,-1.6574356757849604,0.3099759039018233,-1.3185114630082546,1.3790685226429285,-0.5449903890356912,0.8469227156942151,-1.6426237155339343,-1.5427748668056234,-0.06415604494013488,-1.2086594021655046,1.0283943813713168,0.9901944981047978,0.5544338486056426,-1.1945841439143015,-2.518904935833853
Be,0.3710967839376264,0.3526186543602111,1.0335068179639855,-1.9453827883916073,0.6005883439881554,3.387972758645466,-0.05959305370371175,-0.5218152982825939,-1.286162128938799,-0.1531792762148676,-1.0971497304587587,0.7178273078235085,-0.2539076302691625,0.05790947132645096,0.7550113026432167,2.1014952967003415,1.5970693008419299,0.8687613044965463,0.010555229424268758,1.270869867465898,-3.0407050655838477,-0.6752811082431903,0.8451502388854145,0.5081548157057041,-0.20962371774297417,-0.5244190608661307,0.15803241012727834,-0.1958097561544484,1.4515964109155244,0.9066560518553411,-0.0515801127760594,-0.287960107112443
B,0.8990952920138973,-0.3103279942592033,2.1875136844356167,-0.7978038146359643,0.633406069218268,1.6653461282505175,-0.325812569768403,-2.282549174411997,1.0823980571993312,-0.32940402023793597,-0.2418517329432746,0.0737234271384485,0.31730216782570064,-0.5209963713829594,-2.175097383365913,2.0906004437969674,0.17126002898838472,-1.4178139139272927,-0.8392467116287883,-1.1623992913019339,-1.4791572265078892,-1.6984075961017546,0.09808529635555611,2.066467698656628,0.019712247260588782,0.40190259194113387,-0.2072955337550477,-0.10418106544325893,-1.3028687822236038,0.7762890831651096,-1.1658790905059768,-0.320502937816425
C,1.1051219898228926,-0.08956698227753541,2.1352906593508303,0.1030754901325957,-0.04433557790510657,2.0581847390829417,-0.7691702511473416,-1.0950458818237698,1.756960296249825,-1.1297227831155414,-0.980077389849446,-0.4774241735413424,1.0297347418556,-0.549396806215174,0.14709957954204936,1.4037594407190734,-1.4694125250944017,-0.9224681341309621,1.3967033472359454,-0.7761995888994634,-0.09088488890801992,-1.5028419763712366,-0.67464549085407,-0.9406421399325389,2.2006819331226537,2.0219295290071866,1.4463404759288592,0.7359519910574573,-0.41067157852911523,1.9984430887485294,1.849112962949029,0.40935913105101096
N,1.3815815879532314,0.3603885130363215,1.7341403746025381,0.6000282006734217,-1.1148005291750571,1.6203601241050882,-0.6426930925374832,-0.9122515792292815,0.3568819872810929,-1.1914735106372307,-1.090113295383326,-0.7826745324722418,-0.9939338447241266,-1.9751437244558159,0.011000561093902069,1.0628648637058487,0.29325028610163856,-0.40945914153359253,-0.3829456639078671,-0.38738290501409145,2.4513253059010767,1.559005478725211,-3.684995186615821,-2.340790029180518,0.9251900087927329,0.6470993005561996,-0.56552991618946,1.1352030107248843,0.36130354401473147,-2.5260993543404062,-1.1968213328718509,-1.4606794139566326
O,1.374885773499252,0.7318463515905358,2.3467015360251895,0.44311850644625894,-1.7886005736414872,-0.07299207044060387,-0.3804961665759191,-0.7143330676895652,-0.5274187291364812,-1.203757881591116,-0.6872908139853767,-0.978475169997893,-0.8228301811940014,-2.149779231512281,0.3308221276850539,-2.6799310375278993,0.22066984496363767,-1.1146989651251824,1.4205644522532201,-0.4103747580338482,-0.45921370370721387,2.4590106864948837,0.833127882614851,-0.4474326918217098,0.0739692484282465,-1.0933000356857006,-0.8715595355077808,-2.1706732673877185,0.1032409739570009,-1.3275449972379845,-2.1864127793373282,1.0776187645697302
F,1.4345917730740139,1.2843075148441137,2.1774501868396103,0.3721578730764726,-1.589167634742195,-1.1740868365554495,0.30265165474039724,0.1754132457691873,-1.5625003391473176,-1.4415087489965357,0.14864572154201228,-0.15387549909051398,-0.023899661522978538,-0.28805217965101165,0.8688527903482507,-1.2506252365993054,1.4426916776013436,-1.7960165128207992,-0.01934643090887917,0.07568856849814021,-0.2723072809325111,1.8440916281186817,1.5705611876024936,1.7496872117451663,-0.09228116683591171,-0.4173674017016094,0.9491553995515071,-0.8522485923110182,-2.3742351956712535,3.280889309220822,2.4882877111545763,-0.1718463160103805
Ne,0.0,0.0,0.0,0.0,0.0,0.0,0.0,0.0,0.0,0.0,0.0,0.0,0.0,0.0,0.0,0.0,0.0,0.0,0.0,0.0,0.0,0.0,0.0,0.0,0.0,0.0,0.0,0.0,0.0,0.0,0.0,0.0
Na,0.19864593259142044,1.8851512919321685,-0.2434375948166004,-1.7687657116628115,0.7331873439497952,-0.8190595673811891,-1.3959384456558017,0.2894502833099902,1.2508787246606237,0.4011151763374839,0.907884929504689,0.49229324610400566,-0.700314765763001,0.7380799106906469,0.6199907909935034,0.0741385229054927,1.7210080406351291,0.6527043800500694,0.9576789206543904,-1.3314646215145038,0.9241693048288255,-1.0254429130895553,0.18983440154345352,-1.8676962267648132,-1.241793346977502,0.19463896182699447,-0.4827991224462427,1.6284975525071375,-0.6658787982205889,0.7916429687882822,-1.340190367206385,1.3396598039325704
Mg,-0.2190143208035703,0.6814859309975978,1.0545586689670485,-1.0762378938900266,1.139091543670303,-0.5927560877605502,-1.0094446119988338,-0.0299498962190606,0.016150260032959964,1.3910722903869215,-0.9935644913603872,0.7328392774516895,1.0074746146167048,0.10269746761369744,1.988180535924412,-0.0611555285132133,1.7408375261813345,3.746179106428796,0.48613617804992776,1.8575767605729776,-1.6751161298837125,1.6994149110563874,-0.9219444109720669,-0.6517892799175424,-1.1150434759420627,1.0886952066132238,-0.23244410864231316,-0.8513988276855782,-1.5966535468441176,0.5434541546742148,-1.179151735753898,-1.503321339303549
Al,0.36340170252809767,-0.007316522802971687,0.9410232077797445,-0.28318314714801757,2.1496325802485003,1.0236360943887777,0.8316456909493092,-0.9450344317698398,-1.1825299044814068,-0.28641511133162434,2.750039434092886,-0.07023424978339042,1.0235445685845446,1.7616217293201886,-1.1855468609743853,-0.24189865447958425,1.006123704792666,1.3347360221663722,-0.388910702868687,-1.374943731222028,-0.07361550484437897,0.9238038035117668,-0.10436567706990882,-0.508019184996234,0.5372427756241736,-0.9056771515450142,0.5944705748716415,-1.031564898866357,-1.3195153306559917,-0.8731781077608117,-0.20410920122950463,0.9440607994879926
Si,0.621474173177012,-0.31623948529222934,1.1906036907159114,0.5967011550711311,1.9718490126458463,1.4262124314468367,0.17760576543715662,0.26929079904484904,0.5621295973260335,0.6199922446591141,0.5108339385844256,0.11731542169404545,1.7798396478334824,2.3099559337337303,1.9487317049823083,-0.3684491308420421,-1.6636496859579688,0.033545432233438664,1.7486189507226833,-0.23482070148953574,0.6550283203576505,0.03935156962355536,0.7216760891011778,0.24524653004351776,1.0871249409417365,-0.7224747467270879,-0.5036379756063513,-0.3176896846281047,-0.36081571099265025,-1.563050466399822,-0.4436175791049685,0.9119345075661178
P,1.1747724421623547,0.19120458018481964,1.0104196291123602,1.516339575408224,0.5751706836841768,1.0855725067154518,-0.0989739283661712,-0.04010369627066414,1.5125081947663046,0.6122834416777324,0.5390287361935039,1.1615650031380698,-1.3278536429674912,0.03918270888922056,0.5774142107646123,-0.24406908831938462,-0.5593455050802788,2.8196285810367248,-2.9305656255957455,0.837916391491057,2.1555330929291716,-0.6126807921772125,0.7118631984189394,0.9971769239789088,0.9481792211219641,-0.9003917077968905,1.2013072277935126,-0.35463759642279097,-0.8598108141849553,-0.2805898256944027,0.4083811013492837,-0.2174727560320669
S,1.4859130333717243,0.8650123519189867,1.0783009345763348,1.640909711522358,-0.820582685082544,0.16286258232027562,0.4538708214077862,-0.13299484492483626,-0.6981108005270613,1.1480998041327097,0.6170842019979007,1.2799570701000906,-0.20353470365168072,-0.8381057969961089,0.017266226207305103,-0.6004366900818846,-1.649049808638054,3.8083534036062647,0.7261419207309106,-0.7056697066622521,0.4616810342671836,-2.1943190651612148,1.7990179691362735,-0.09555667442993498,1.2222901141146456,-0.7399819940215696,-0.7182410769603933,0.6003763229429868,-0.5124700182280824,-0.43626994458577,0.18694810502570341,0.2775009466999317
Cl,1.3301803380583936,1.8401015738481594,0.8263190579785195,0.9923488864346603,-1.780062683854507,-0.9912724903404351,1.0142606809802226,0.6725660869068275,-1.106471013549243,-0.7081961230980468,0.0644110099427547,1.1204455011416679,1.5649993813134844,2.142639098980794,1.0932236841705671,1.1991325942522062,1.3714422445,-0.12564144307566352,-0.332278004409515,-0.8617679512716638,0.23703138880351393,0.3223853713259662,0.1254899378796367,0.2788076031298163,-0.2612178658664029,-0.2939375950913586,0.1514965510545604,0.0613873250301058,0.5189081954343004,-1.953970821401452,-1.360302609002979,1.3686033221635436
Ar,0.0,0.0,0.0,0.0,0.0,0.0,0.0,0.0,0.0,0.0,0.0,0.0,0.0,0.0,0.0,0.0,0.0,0.0,0.0,0.0,0.0,0.0,0.0,0.0,0.0,0.0,0.0,0.0,0.0,0.0,0.0,0.0
K,0.41130591700510616,2.1573704026415585,-0.6927189788153431,-1.821021305735097,-0.09771722864216514,-0.9066539690820812,-1.140928176214669,1.0581253113048135,0.9256172932445571,0.37229494732205143,0.22560192466588372,-1.287842383965273,-0.4781130732416476,0.5418783537555876,-1.2061121965602528,0.6707460079009808,-1.3807156000343237,0.4670809739108011,0.30918441452494283,-0.050448070564197964,0.5244002281829486,1.238459929784813,-1.0433459499135678,0.5224129250949772,0.4478410544859346,-0.028945884204458407,0.24509723763374217,0.2617578740851798,-0.5812277459320352,0.16101168633509585,0.31691865433548694,0.9086920556719028
Ca,-0.7195151990216517,1.1899794418194303,-0.10625448311070275,-1.25339700679178,0.6572841413578652,0.19493073562114097,0.44628238715566687,0.039123515478487754,0.167569458735682,1.9621676772829846,-1.3583279096725613,1.901317605134518,1.4963015688014343,-1.4631655396415466,-0.6987798965038936,-0.7067229733552293,-0.1762193030715024,0.20206669537750807,-1.096276444596829,-0.10754906744016231,-0.24028188243947973,1.4380120607915667,-0.6708716713103277,-0.83279280357052,-0.010316125793926604,0.6951217610219597,0.25690816510400694,0.8915368975115534,0.30522598649956917,-0.07455458415873216,1.1146552165374393,2.2686541490303593
Sc,-0.8193800704754765,-0.43509387369521973,1.3115915558179574,-0.26393113622401226,0.716628613395656,-1.2397582282444175,0.23290869329749608,0.0349137726122392,-1.8101276806609514,1.0237316810059751,-1.5954981248267084,-0.9570777922913987,-0.6494380845353037,0.570403268990815,-1.489163816915762,-0.9082911909007212,0.50925158059694,0.688268107774674,-0.5853666703815418,0.015449767491497087,0.9652372168354891,-1.0914511031185934,-2.062976540073644,-0.1757380782045266,-1.114753625365414,0.11257328218515458,0.9562207199240773,0.392967013907117,0.4897378177798246,1.6392396201270665,-0.8727413987382642,0.9187763707641727
Ti,-0.25414319649087747,-1.249663604723051,1.252939240481513,-0.2802756673426521,0.14210501509166124,-0.18987655476368917,-0.17782180803880823,1.53794845431169,-1.4622004328659073,2.1629069290627854,-0.9546029165184112,-0.2516819492379411,-0.5008566169425226,1.1558512352420154,0.41304739847568417,0.33095677162780673,-1.7530591728176066,-1.6274854003064763,-0.01593741421723258,-1.0981177692729902,-0.216310213030655,-0.4428834824979425,-0.29167915997342697,-0.5464400145750471,-1.1070883075704139,0.6532229275421539,0.18304499320796738,-1.2254041447173754,-0.6025077062684908,-0.16738640784773134,0.05507210233360218,-0.41557498643311325
V,0.15635321497583757,-1.5351005137992662,0.19071386689682696,-0.6045494238273698,0.03323159743471039,0.29647646146378076,0.01835442504598009,1.8188697932484559,-0.3707505748338396,0.28604842134137404,1.4719545797452864,0.9308866141524129,-1.0342752796520691,-0.37059571616228876,0.3540481690851303,0.15252447663584104,-0.06208983624694167,0.23879512194366745,-0.37596416759778933,-0.8281500892468907,0.10560555609600353,1.3573701482571354,-1.336635355612601,-0.6411144708221586,0.8756839428304096,-0.5140487249058171,0.41440310274270176,-0.6300385514074278,-0.5502158016226653,2.2911839149103614,0.9028986673809501,1.8267408234176448
Cr,0.15355984438388123,-1.4421357588807313,0.4821670510306015,-1.1737734021278015,0.02316892543823578,-0.31609091883924134,0.7596727874173786,2.290333230980584,0.17610305921108768,-0.5613931640979948,1.0702957736864953,0.669626640506085,-0.8461907291107732,-1.1777307614052903,-1.015500500237279,-0.9633170184534441,-0.8079029877378817,0.21827798770937845,1.256883709235344,0.05796671651538315,-1.781330473451213,0.06281597373066757,-0.7415727668758336,0.2515052793656759,0.7726630735125883,0.6334105746308154,1.6736787421718464,0.9002207505512793,0.8454682450469142,-1.0880069719849832,-0.4541782213479194,-0.812067679267147
Mn,0.39202149102047723,-1.3608017020723018,0.4005128522082129,-1.427914342726584,-0.37412283797086127,0.03585766152128408,1.2444504039312099,2.2228105759406422,0.026266790008718535,-0.8869212466942281,0.036637690272683494,1.2385253826122995,0.9289398683052412,-0.6260447989348235,-0.302569437075629,-0.5006582788956417,0.3135948307119027,-0.4186191894562599,0.33318767151642165,1.7005745708573181,0.6711299122877094,-1.1369353747357918,-1.6931243543507495,0.24129514850572897,-0.29991512475496657,1.109899217096343,-3.007509044787888,-0.6909289786569622,-0.859056749979265,-0.13411174301961887,0.4374919979946589,-1.357080224297274
Fe,0.35550448926750994,-1.3593514887436915,0.09470377165329275,-1.5958025426398827,-0.26142227748990055,0.08567471779025826,0.8448865950728542,1.6342363135168434,-0.06796662078342632,-0.22275674737704185,-1.2594483430176606,0.6879140246022126,0.14557451932547336,-0.524942723633446,-2.0571624891366613,0.2601437106269806,-0.2604160040972007,-0.9643108454856519,1.3243592442305752,1.2122568188470126,0.7427795524307341,-0.8146067545732248,1.4325573505023594,-1.7879220037732733,-1.7591374198774412,-1.592875030123976,1.0339811235998069,0.8661550897217987,-2.3509161223731208,-0.9650500835452703,0.5062693594119027,0.21221036875170066
Co,0.4832527575519297,-1.2714426598976094,-0.025271541293211044,-1.635650133506968,-0.3492031670142405,-0.0973007455841126,1.3407741218215785,1.570362859727927,0.8984494491360532,-1.2347238099454272,-1.0483117616444606,0.17459868622601546,-0.800991030619634,0.20666775101296372,-1.4871400106074304,0.4437627967134235,0.5039892654594943,1.684584523750234,-0.0514852854176354,-1.1670231400250475,1.0111307183466294,0.1189426610839677,2.447158211590878,-0.44911595496966916,0.5754339377752615,1.058221531763247,-0.1546691171564458,-1.8124248735290653,1.9780179512773612,0.22970731828192195,0.5283065374081084,-0.3712228931444305
Ni,0.6680281731711424,-1.0608334500146614,-0.30281118878733637,-1.5078716491129358,-1.048840229063472,-0.004454975591132957,1.6560709109280871,0.6498070894489326,1.4270090924018046,-0.39749969708169497,-2.6272278814224297,-0.2627198791037095,-0.7134255666062401,0.9642309930314562,-0.3116641940158866,-1.0116958353497916,0.32490916277587356,1.0549587025192833,-0.9450569725395553,-1.0730207576873387,-0.2207161907144103,0.7973048371968263,1.1631555807856415,2.950005255199831,-0.02002135700917026,1.0669260259348583,-0.8588864439790505,1.820014625283773,-0.6047617480687657,-1.443231705262668,-0.528682041225751,-0.5919603376838601
Cu,0.6755477990422865,-0.6166452657936785,-0.8841973479252117,-1.7415178321807558,-0.26012837405543965,-0.2704337652587533,2.4168963525397698,0.7145508506570368,1.08582829020741,-1.1422089552438912,-1.8659802961403462,-0.8713674076935313,0.39360061341608693,-0.8106965115251152,1.8352455448985248,0.10237369854722632,-0.6763029958122808,1.035083638241799,-0.848354742200367,-1.9120772859419821,-0.7678252393409774,-0.8838299335220823,-0.5683381100270182,0.1870821395726775,-0.17656950123998927,-2.558027522710287,0.012439385736654289,-0.3907191240382933,0.11528423178464452,-0.003530299415394952,-0.4437447117094626,-0.26809365084575426
Zn,0.5916744491052633,-0.3169508709354622,-0.9795431647383348,-1.554446543235409,1.0198902866800268,-0.1652945359449962,2.3938338639909786,-0.5977231496232746,-0.9526091940954843,1.098719390873856,0.17180491334627945,-0.2773410771815015,-1.299912565082753,-0.3445326719402814,0.9160610395699033,1.0220663325205006,0.7185983383325121,-0.6291765061566605,1.2897205537493368,1.4646994208156972,0.13834310977810263,0.9920933259954567,-0.9145669952397577,0.14876282656103113,1.282591937477865,0.9633181359793217,1.0828805501008727,-0.3523760898998043,-0.6155546623709648,0.8872519507072995,-1.9853961848116268,2.657003796234558
Ga,0.43273356662759377,0.044029021479728266,0.4139374441129199,-0.09328500411293182,2.667467071058391,0.49167306051803605,1.9444036797248556,0.21964851722114645,-0.9291434314560044,-0.28350779943165433,1.8019690933393775,-0.9572402800899398,0.13808625597825347,0.9029113206084995,-1.4616853527199258,-0.5484617398391363,-0.042670679713318366,-0.9219484516429657,-0.8364590887427998,-1.1914955706275154,-0.167815107319049,1.3245339547522206,0.20481405792371535,-0.7503231903538896,-0.38236397762795266,-0.24952439013990274,-0.04300165307056574,0.38577614487567313,0.31299354942057683,-1.0021087356946559,0.9819356223335365,-1.5747831728445882
Ge,0.8352563647205117,-0.32806201119668016,0.17960236285028602,0.849577117051981,1.7285718731537507,1.015074452588579,0.6148528640593368,1.0676726674828116,1.510072986331077,1.1575340871338238,-0.3667010360236945,-0.7123116250443962,1.1152635403919413,1.958468494460398,1.0572453820843453,-2.2299179878063473,-1.3987059932531707,-1.7897887179307983,0.7093222122791314,0.2596211185565589,0.049083167109978204,0.7721416414048946,-0.8298614321911852,1.1762553536070903,-0.5458123702834562,0.6516068522637901,0.17431412325332765,0.5915572000550663,0.9206017376385696,0.6078900893700999,0.1342616983977444,-0.40013132378875305
As,1.1374319566969018,-0.16350957599568564,-0.13909196838800583,1.3142819088483715,0.976566507235546,1.1231591247380666,0.48939522556984544,0.9201245057127894,1.3435235673486148,2.0652964867303214,0.7277637323496174,0.6208572121481128,-2.2465300683619263,0.2608423236172507,-0.5959866372135865,0.0323829456679429,-0.4152188133121584,-1.1534695048272225,-2.11313576034785,0.6329514944476653,0.7252099145951999,1.3886296331913766,-0.7945343852268211,0.24466860084537728,-0.9493749933800083,-0.5543238910914364,0.8885972146439063,-0.8050583833831658,0.39105418444525913,0.21731576200157002,0.72536233822812,-0.996485349133996
Se,1.517933657949733,0.8614808551193527,-0.17035805260284684,1.5945817057407252,-0.4950645085251749,-0.06457161921564121,1.1512014190249218,0.3081627007579713,-0.5349907283575706,1.9765866528748566,0.6846974652601154,0.010320527824724885,-1.2610757673415305,-1.3311306513197407,-1.52205366771034,-1.3122219779211726,-1.4940429432351234,0.9848721460943013,2.2470425143812913,-0.5044615648844265,-1.1278455460819632,-0.608023915537402,-0.5563579015805186,-0.4765920372552001,-1.0161622167214195,0.8469359635841883,-1.1650742848489708,-0.5327498005846233,-0.550809639946613,1.6494596522425193,-0.3572197505499578,-0.186763580350805
Br,1.3776680229834168,1.6780193305308992,0.028079715834854975,1.1296915632094555,-1.6385303228789394,-1.1694361112158382,1.8149992601805385,1.3494161283058368,-0.7122837420838489,-0.5426603058638237,-0.3907026659464794,0.9205240305345733,1.1316072476730437,1.6394879183845201,-0.09194087893719184,1.569003760412263,0.6434416014062326,-0.3343750419092335,-0.37940854088180903,-0.4252928249195356,0.531025886417399,0.21179222205708736,-0.6852543806457663,0.22483411461750538,-0.17461699420281132,0.3643908540498064,1.1772627475592399,1.8864250494951393,1.250666397077069,0.5028185705079787,-0.057578307987132114,0.0711608458598605
Kr,0.5644786867136924,1.7559486166349034,-2.9144657560364786,0.5279476073799694,-0.11322486900500471,4.341656976875224,-0.7842445432288727,1.54021018088051,-2.5676287229132773,-0.7096204235792666,-0.6213947301214082,-0.5537652363408194,-0.37478480598064806,0.19220550674078196,0.4108810773675342,-0.5535209327111038,0.36678199836320013,0.07963984861049885,-0.2978666485576614,0.2215726931192381,-0.18091169830706622,-0.513429052508467,-0.13648037907701543,-0.04469646541462709,-0.037459304896381114,-0.023549155226517023,-0.07002130350634898,0.16080824158166218,0.14359639870103386,-0.12332769702837008,0.027325985579988995,0.12038662203389199
Rb,0.43275821791445407,2.0626183443750152,-0.9359279544107927,-1.4233943991142246,-0.04852088869507552,-1.238722998371843,-1.7048011968137484,0.6902873778516455,0.8157363369845917,-0.025126341265008713,0.6869660918868192,-1.9619921464769314,0.0014707337656411391,0.8154508479965764,-1.5032153736286924,1.1057616325247477,-1.3084117332348366,0.16931409052142474,0.17791013482074125,0.366773448452718,0.11458689543980331,0.29395845977996293,-0.21993125777057151,0.9255931452841474,1.831319003739071,-0.3644070797566447,-1.2319031463586243,-0.658070486383916,-0.8610564503523297,-0.005500217771893346,0.19239256871193156,0.013301162842458655
Sr,-0.7429587732588714,1.2736644756448112,-0.687285929930346,-0.785786090236891,0.7060729355291759,-0.11667585985425177,-0.8814304779429004,-0.29289189750244643,-0.08270991494400652,1.7781443093437859,-1.01437193981155,1.0886260390386877,2.160473690768128,-2.1531396006543875,-0.6442731164304142,-0.6569778254248245,0.6917442733482306,-0.3878732458892542,0.24682268691061438,-0.569571041644131,0.09141460356802442,1.0634825211217094,0.1627037944430513,0.41572685682406624,1.29424205663096,-0.41613644551729606,1.1257693610890298,-0.2878787117369411,0.21464666928743917,-2.2303472412210295,2.4250669314492233,-0.7069786241070857
Y,-1.196102154222289,-0.18658513116801226,0.8854767673455743,0.1221285271736429,0.1455972941538509,-1.2430712502015937,0.27366310844146186,-0.5186279131879479,-0.826758569187448,1.1887781613286799,-0.9566099216454312,-0.20527622689539995,-0.23386354678671872,0.9002802937851456,-1.3234552290883592,-0.03545095904610532,1.287635855330461,-0.698265376647105,-0.23635898129749627,-0.23390114641940368,0.23259944657555043,-2.171262421740753,-1.4906457879737767,0.33367612253349616,1.8070555453512878,-1.3937902354172143,0.24271975132651863,-1.2104137763255818,1.232056128167438,-1.3242885538717688,0.7084288541479785,1.6364283902005297
Zr,-0.5802124969759247,-0.7916123515981046,0.7423758067590615,0.5811308187929425,0.3167067365549492,-1.2640640498511695,-1.641770870192278,0.5659742802998728,-1.4095644697301397,0.45063237597117306,-1.134399793362171,-1.6293708165259577,-1.0489108331110104,0.1730983242314659,0.14627628930349704,-0.20803257989876783,0.4798467214861546,0.4830904357151506,-0.786142654481032,-0.6087884347243265,0.008504839904989597,-1.131875269536417,0.835360874810438,-1.6652030368215636,0.7747869402784845,1.9720350604946828,1.2658288673719233,-0.48482953175610555,-0.68581027338215,-0.7099896587199902,0.2970731123942106,-0.8275202317485546
Nb,-0.15025738744790185,-1.3726749518153727,0.10531037145316219,0.3303173155035149,0.5916459264157105,-0.7441088425731905,-1.641623619065373,1.5663567265991298,-0.49815868689237147,-0.05129069397914559,0.41861572500121674,0.03607607719806166,-0.7421422969016588,-1.058944146496557,1.434593253212464,1.1588533229523525,0.46978865766435135,-0.3763753777282263,-1.1529055518404032,-0.880861739364717,-0.1021967685491795,0.8636987624694201,1.2180151824124112,-0.6740992550705982,1.7365421091212414,-0.8926746676895221,-1.7156221600718164,1.005305880710311,0.24599483694122676,0.29728357020718144,0.5913103886855466,0.42900706512242787
Mo,0.08825155450537091,-1.4744812929386952,-0.18829601161553416,0.17048181551694389,-0.2674033050934606,-0.9787216757133059,-2.0020030591961833,0.6569187868775066,0.24306930486574044,-0.13621272874968107,1.4432153623513393,-0.01019734504343572,0.2374309626399226,-0.8768120196954675,-0.20639899807237397,-0.8250739827545726,0.7701559026295556,0.464050316292015,-0.2577065000676295,-0.5120436675056868,-2.1650960313912555,0.005877556052636457,-0.03232262916772802,0.6461074885131689,1.6937721739471672,-0.2556365935945649,1.6602837919311042,2.805169259139735,0.7695166987345453,0.38541321538033285,-1.8191419935556556,-0.01345618318119897
Tc,0.4521779639638277,-1.5527064069382124,-0.24613923481124755,-0.35483762111814626,-0.9390771097966025,-0.2273414816803311,-1.3868096329339181,0.16927250392764775,0.1688870138269831,-0.27985960578043556,1.8085321666040184,0.894739188766467,1.6990824499630746,0.22832270289839632,0.32183067495319917,-0.9777351176197603,1.1607076745350773,-0.18928874428855894,-1.7075622373816521,1.0410813036904232,0.4917078701094447,-1.1367469737943139,-1.5591132672476316,0.8134657816990967,0.6836867421502415,1.3256660352497909,-1.5116969339603077,-1.406073716641353,-0.9013711160915117,-0.057252327125525866,-0.10580976433892322,-0.6918368624539109
Ru,0.5416017416346802,-1.6521113280274249,-0.7805038750815863,-0.3072763338081445,-1.1876855355837583,0.2537708736338874,-0.9785273942128243,-0.4890351706778387,0.5859992418846234,0.20409525793748406,-0.34533295997674546,-0.492074494093128,1.3342591459394917,0.8801998493937729,-0.8869431108659248,-0.6975278151234524,0.7989288279820173,-0.24786336186037483,0.13039250892018073,1.72678673391056,0.7001215747385923,-0.27538387310061757,1.0453869110466112,-1.6573923128699575,0.23415530101462897,-2.3398557007552188,1.4105559295367531,0.4611151599454684,-1.9084352352084402,-0.33861367764473227,0.09106492938725029,-0.5817990714781955
Rh,0.6776403154489885,-1.4072993185620317,-1.0051473646029936,-0.3471071343882634,-1.1937966100133302,-0.008015433800772917,-0.4061219124791921,-0.744559686564708,0.11366954813204001,0.44930501390164074,-0.3604736419846824,-0.48258396510174595,1.149114868286945,1.0732194233582564,-0.5719521935333228,-0.7738302211231138,0.660039925517549,0.9572106161509435,1.2923526831943457,-0.7679765772788247,0.9895834825533976,0.5986733004404895,0.8255213642715781,-2.2971058398650936,1.686143406550062,0.35674784197250653,-1.2742763207790075,-1.130502336921301,2.8299503992584563,1.8005350648547858,1.6316380711392815,-0.03594772763684244
Pd,0.8707238232813921,-0.9937952229255461,-1.6099603481161526,-0.3746932600023134,-0.728171322297443,-0.3323188612421669,-0.21240550786214385,-1.3945474246582237,0.10497774211100663,1.0239622590384618,0.718581076954509,-0.7374628095952257,-0.6919068317974232,0.15090828390013172,0.19899400489111652,-0.42782171408373276,1.352001295634397,-0.3626609464190991,-1.6954684298980938,-0.6964254436490318,0.025381621518237495,0.11473361131871068,0.7470328217967493,0.2917309202921977,0.6183282630580996,2.906121753447846,0.744258659703301,-0.8772891288867589,-1.4780027718815556,-1.3197272090094463,-0.058675760917884554,0.762475909809815
Ag,0.8454529709692451,-0.659403940695295,-1.8377694007192795,-0.6607667545491659,-0.5477974128753792,-0.6972550734106994,0.3988117024305795,-1.0241800951435445,0.7240770339776782,0.19846700878599685,-0.11386896658361467,-1.5932844427569957,1.3166786714039564,0.07819616460775962,2.164752722895659,-1.3494989667847967,0.05635761320852534,-0.3902025358688617,-1.1985229490403515,-1.552802685583841,-0.9939500333112873,-0.924384842038267,-1.9827321841804846,-0.1170149973133216,-0.0009600625449508865,-2.485330553769632,0.6290104193596361,-0.444810770327804,-0.7311592283848144,0.6115328461703617,-0.34532379784250017,-0.9034174670916737
Cd,0.5132914241572238,-0.24459452848415683,-1.0659620502024754,-0.7702421247633878,1.4949643651228413,-0.8576813079370896,1.516602350891003,-1.087035549727994,-1.0316727556599226,1.287082036950025,0.417023257415031,-0.8499281761226969,-0.669678975311211,-1.126812989674001,1.7951153321360214,1.5494865865959573,0.49716900293122335,-1.903725301796015,0.49871793611877135,1.723925317757391,0.5575194994273648,-0.29279657174203694,2.043013585635026,0.3065669939495628,2.595753147406511,0.13701047277308182,-1.1333415769160504,-0.42481813438518856,0.16145721511730549,-0.7071273092346185,-0.803896703436007,-0.5117167734451193
In,0.17328981184362904,0.030627859664314576,0.06421861799380221,0.780173618689216,2.63142813054763,-0.8803276022864931,0.3572516960091678,-0.6670094714289266,-1.283343841449777,-0.9994352272087034,-0.30878075361703033,-1.3099638337861566,1.6066703551303183,-1.4227680770357498,-1.8574163477124157,-0.2518228302061796,1.2109243085477863,0.3522887774647119,-0.5948340133590944,-0.2466386096476898,-0.02804862530012489,-0.6591695915765852,0.1894875056297393,-0.17400165698182213,-0.49193297586132634,-0.7663254536703876,-1.5863378620272122,1.0717084107417294,0.29069905840322846,0.3139545504882134,0.004777485876871394,-0.36284043788337017
Sn,0.5751094955812003,-0.2284633453045629,-0.31805865487585666,1.6428273665829114,1.5910537817958383,-0.5071113391964084,-1.1636698606132958,0.48224386064209895,1.4980089995192143,-0.3676264538462231,-1.7416448492484218,-1.4525020711654475,1.5344996107442697,0.09971007433075466,0.8740012109344978,-2.0411089511370317,0.12550009674960177,-0.14390448755518578,0.3892737219284989,1.0293639142972635,-0.13093870056637294,-0.5339671644037277,0.4387920050778083,0.46972911473081647,0.27956168397404585,1.1042651357550766,-0.40552665356551293,1.3885496297934683,0.1062003006350397,0.5238838979357119,-0.6039111293973325,0.4582769279000852
Sb,0.7161165318802023,-0.08390634946421807,-0.8707704322077838,2.0915398526229083,0.7446314448613857,-0.035327749042648356,-0.5870496278860543,0.5157337295755765,2.000713692730855,0.6534620302009667,-1.3491614386410054,-0.14714615782826618,-1.115962597603862,-0.24162775563670272,-0.7373630879118269,0.8614651213547421,2.032473096106929,-0.8334706957363684,-0.5896856582935065,1.127282621892496,-0.6181030381129807,0.21212777249227116,-0.5881513875900408,0.2357922674163609,0.34993734404629345,-1.7645137757042029,-0.5776428954833245,0.04390210641059727,0.4697501601012202,1.5978266818057405,-0.16191693322977907,0.8951247801161539
Te,1.191192502460134,0.49273182945632754,-0.9553693638692851,2.0749305203391595,-0.36010442905774204,-0.5145046235345746,0.20646584220735614,0.15456038318902035,0.5801975523508061,1.9833860416193252,0.4356318735488814,0.5982346834708587,-0.6728774065349904,-0.8691159956650893,-1.4557848147432753,-0.17147812646108496,0.6614382863309752,-0.9494950874415211,1.1966728999630376,0.4308026296148785,-2.5952562126975094,-1.6588249376020756,0.5419997367809191,-0.05983102114667601,-0.021614982983141184,-0.5544646223991604,-1.3669002193640882,-0.8177278950277804,0.31634768312534534,-1.1922212458217194,-0.9008939530987952,-0.7149745007208146
I,1.3637918109130107,1.355258193880897,-0.6771959925716601,1.2752913815873252,-1.1780829376754922,-1.3516289463635551,0.731813020468103,0.6545799139909177,-1.0533067187441885,0.5945160442868074,-0.026559281918975847,0.9321043710394685,2.196051417928592,0.5502727031207649,-0.47133628456048826,1.3677931182626424,-0.03726481311016118,-1.0829677317056625,-1.2762565796161147,0.8076800216078018,-0.23905218188660812,-0.6370312206079253,0.4648080170755015,-1.184383939428158,0.6848276484357045,1.3365480086579546,0.9049097267860722,0.6815098683997977,0.4896778276077313,0.785753178201495,-0.43867879003217675,-2.1842191937172397
Xe,0.0,0.0,0.0,0.0,0.0,0.0,0.0,0.0,0.0,0.0,0.0,0.0,0.0,0.0,0.0,0.0,0.0,0.0,0.0,0.0,0.0,0.0,0.0,0.0,0.0,0.0,0.0,0.0,0.0,0.0,0.0,0.0
Cs,0.2628062611409893,2.1857966157518613,-1.196224136646976,-1.405247340116021,-0.3648314219480041,-0.4921196747204468,-1.7566977076876331,0.6960278923604545,-0.4037376441094658,-1.4232739750698542,0.2379476222205089,-1.5442608339348098,-0.8045612763459635,1.2866825186185167,-1.3401677247661323,0.840939612813685,-2.300806828413975,0.3862353801801695,0.13117988642008674,1.1327909832841947,-0.3946495413112766,-0.29818784348509714,-0.19052953666097738,1.3345335770375475,0.6478442628291297,-0.7770368987218795,-0.48670488172943327,-0.9698911612433673,-0.3428766980108757,-0.1295010540742488,0.022436056674493762,-0.5022708384395647
Ba,-0.7224579000982282,1.3235276452036282,-0.9046372756854788,-0.6470381416838001,0.6894434007294471,-0.17450451216795176,-1.0747764855002906,-0.8378428596103582,0.19276905075390094,0.8973495655895101,-1.0149314199360462,2.045411931786303,1.2005929806465434,-1.8594263686823689,-0.22839579566494753,-0.10190727345704154,-0.009306828298697199,-0.23194961467228564,1.327574880698041,-0.713460696099817,1.1994045535486126,1.4612156222045725,0.27869320090837146,2.013576441034738,-0.3641609638408931,-0.3309151047900084,1.3858692088716558,-1.0083842547202326,0.7285670735268326,-0.4433167733168426,0.9475520266915994,-1.5535233793792136
La,-1.5528183250402787,0.5456890827640688,-0.7719839324927197,0.5357627585552964,-0.25303954505722953,0.8734339496620833,0.17099649382740473,0.2990568786975572,-0.36359456503910903,-1.2705599083506598,0.16363256866168524,0.734107721964222,-1.0394905436152089,0.004053652344372629,0.3509480401022608,-1.400826061912507,0.7140096941037412,-0.8120018952811624,-0.4775452459373239,0.06863377528728978,-0.14180534444316653,-0.8250187550937922,0.5045876374961278,-0.29808897384253263,0.4438818979218647,0.40060773953022066,-0.12569614288207537,-0.18779628560845343,-0.47110004503683484,0.0695310421219132,0.8862323755954179,-0.14877377660589772
Ce,-1.5045730390667897,0.25716563574806806,-0.28315045054795374,0.262968301970122,-0.32171158599615424,-0.2414124447753231,0.44662204330549526,-0.3960865373206278,1.1094063163891528,-0.9301264083098398,0.8904603172938169,0.9067931899511895,-0.7292984114729048,-0.11068864602089347,0.12176731547116389,-0.475791945891225,-0.1018515125769606,-0.399435322908646,-0.5358679406230441,-0.6727913553045438,0.024709293578119504,0.03967992777905107,0.4963762282788974,-0.5972746646922973,0.28467792378779266,0.7746087226059738,-0.17504156619690228,0.02656921852201166,-1.1006836555417718,0.03995652733265457,0.34334515695354456,0.5180491400103291
Pr,-1.4003068519440511,0.466641135649755,-0.33266043127835776,0.09125450380714543,-0.07252148153888459,-0.04935802829999976,0.039409542324041716,-0.39290478197920425,1.3667294019145193,-0.7064914308742877,0.729738524232151,1.5459291785345117,-0.9541691181874359,0.21310846820773957,0.4868855171052142,-0.487119609670102,0.5562596280805078,-0.290480761655979,0.7333164059706242,-0.84550016305958,0.9791666033345696,-0.550242490629162,0.353100573043303,0.3042902117493543,0.1062716779550546,0.27317360047300965,0.4021231522743828,-0.3340865911743944,-0.27704188170958993,0.9781278186044988,-1.2091380954437598,-0.9022360037173507
Nd,-1.43947124062782,0.4403087662389627,-0.4024463330254626,0.4693755499685969,-0.2272393766725724,0.0001035988871876653,0.7015360886362958,-0.6589500915092048,0.542743351110726,-0.1756073442969203,0.27254960191151706,1.0525823189596601,-0.4970303860122554,0.14368680761741814,-0.05909828370505825,-0.3598952237714268,0.11075446338110535,-0.2776022490642184,0.8907956464088781,-0.6877205450512315,-0.26201623727756096,-0.36152883958600035,-0.1387551352337977,-0.27912585020724134,0.31229358378849287,-0.17796399274299485,-1.394284912689789,1.375099564930125,-0.9655082236917623,0.2922453078991283,1.161305138099346,0.003116919550532951
Pm,-1.622582069467364,0.42930129321275445,-0.21409334932948199,0.12800344094132038,-0.4577451219509574,1.1457075479464662,-0.25881663806827926,0.363762292270075,-1.3898882713417378,-0.2782749505939063,-0.54879527621389,-0.4964362799470176,-0.25995171094202657,0.6277425514962545,-0.20412629937993582,-1.0379945053924535,-0.6523293295123764,-0.3311303415657064,-0.10574353388946892,0.2266494981595719,-0.23106889254268928,0.49388026492463155,-0.0002533924982060859,0.00989349764747857,1.0110924958902732,0.04827162679243887,-0.5390960490684786,0.33382311095850287,-0.4329578662782762,-0.2000082658115257,-0.48309608091504863,0.5901555453662528
Sm,-1.5746706914161068,0.40125834822351947,-0.13312730674639858,0.3003066592889224,-0.21957958123018465,-0.03296211293742805,0.8093975844659436,-0.6446378144340612,0.6527253722408679,-0.48080128437965036,0.1028508578548956,0.9605760904564258,-0.5665164350399824,0.35192344691074795,0.21115605500769596,-0.21166505285149392,0.2328697872565214,-0.5165791812534491,0.5429140615866883,-0.3736726354803057,-0.06280641635193167,-0.07162792275712242,-0.07319908079937026,-0.5454602531336815,0.6035545325520314,-0.040187856451861806,-1.1245906486164714,1.2755482235920652,-0.7151874842886057,0.21477896065618796,0.450573085688188,0.32456317647576066
Eu,-1.314590224351285,0.6058361370638254,-0.9072021168048713,-0.0803848312391228,-0.2645612035943074,0.9957222878214818,-0.06664981861306342,0.19726809750403743,-0.6565662072893347,-0.8638922944272589,-0.20123939672099636,0.5020199858562028,0.6000427616641508,-0.7064641828710483,-0.07444174562366822,-0.9352674481419897,-2.0833304000352943,-0.24060015755508282,-2.855017963042057,0.24138245742209152,-0.8377444034344632,-0.13013997876937328,0.5680935808746927,-1.5127196027586818,-0.06507599108451012,1.0564848838070233,0.6763875330942317,-1.033665633725404,0.7313283176083591,0.38901053479714404,-2.1106108103130246,0.4661952223293685
Gd,-1.6311345605427103,0.3824362527546804,-0.6548350273232533,0.30643493698287055,-0.1529828626559437,1.1234905458048234,0.3166841984101175,0.148580797776729,-0.7845362868784453,-0.7898189185023141,-0.4125770446934348,0.5577221539564646,-0.7489611363274222,0.3595898219551722,0.27867150676910524,-0.879149556795508,0.42612687262004273,-0.4357561845495468,0.2671102804964922,0.102931719106135,-0.21899719161059203,-0.5144815571043337,-0.2402633905723405,-0.50506923323827,0.3980976258640277,-0.25761213181051473,-0.7809273663051368,1.0572223652687351,-0.686731317874598,-0.5192075445115001,0.8734827647398954,0.7271870109147507
Tb,-1.4753776708916015,0.23332611203394701,0.04277879069989101,0.41928880739339164,-0.37482764056229534,-0.058635676354987336,0.762020276219534,-0.9727816947725686,1.0403193541710167,-0.7073160389705937,-0.37642154059052496,0.3075832823972253,-0.04770148202443323,1.1864440350075094,0.21675834093448892,-0.2208855532598062,-0.27611470641370406,-0.14048099968278935,0.2535371658677134,0.4775539847013559,-0.7841649780959966,0.8455113100156477,-0.0458771339982773,-0.5940310253542309,0.8384026295970974,-0.8284342337083124,-0.7149431929533456,0.20270477010477664,0.18025613699764914,0.25493701117208445,-0.19659688443678838,0.24335041967793294
Dy,-1.580729282127673,0.21693321120786893,0.5250625114730251,0.2962872595487009,-0.3462772459649604,-0.5313622606830444,0.30918198101673366,-0.4922221679008235,0.6438126911654121,-0.469463508504103,0.4883738376705134,0.2979072227949822,-0.9124880448963001,1.0865167079712867,0.08872037989480047,0.2969282786144547,-0.10708535894298417,0.12448146816519395,-0.46301824058097396,0.33426615129000775,-1.2680884725452948,0.13636102974915512,-0.1724707835997415,-0.30866689306368766,0.37263643233963784,0.5316346380442695,0.7398127603757112,-1.4227116312016022,0.0591941409118831,-0.8822574615984786,0.5059876845818188,-1.0192160128846168
Ho,-1.6149910075497778,0.22180725757879272,0.588432399643461,0.3850509282611489,-0.45272013643357517,-0.45155183060517934,0.6780555211985978,-0.7447863509976598,0.3553754795050921,-0.17027832159668346,-0.17774356140791783,0.16724774591185565,-0.4948719048848798,1.2150881567612126,-0.006605238716208632,0.6948211383784665,-0.22047758032150175,0.23319926314459194,0.4223074635366764,0.93206071672495,-1.18733211376456,0.1776220219145767,-0.6248630501906893,-0.3983060222894882,0.17121859113878563,-0.27139359677221414,-0.04138303787726301,-0.10026070948055843,0.06500663355999446,-0.604291387368604,0.8385662930492014,-1.0544442843677222
Er,-1.6093178023856591,0.2002750393139684,0.6549564567298195,0.3825158043414652,-0.42152494220915115,-0.4881632060137823,0.7437328169420473,-0.7167691541894181,0.44167245933691324,-0.09687589019589551,-0.16365514145513121,0.11367858779820567,-0.6505631042360233,1.1934769968786274,-0.012333716860101726,0.730473299276679,-0.0699334307653316,0.1926625661498258,0.4186408223637122,0.8000749054867023,-1.163464278500087,0.3677359031731545,-0.6087869262742746,-0.5043518467944649,0.2581454703874161,-0.1484164005792932,-0.002388851443312439,0.174460245062314,0.28528422355328464,-0.37553076304718125,0.3367567259305303,-1.259695679969219
Tm,-1.4049040125789536,-0.07613627475163089,1.0652852435254352,0.24483207886147992,-0.3411005190678785,-0.3919107043732572,0.41243969503797356,-1.253034845459303,0.02769952602911039,-0.06642822689991768,-0.5135288629255412,-0.6284068029822681,-0.28927747044917895,0.928214138221129,0.4018628120499802,-1.0844490247411214,-1.0414676746125942,0.8499573775616635,0.09193861722938494,1.4990425536402203,-0.36601141995704695,1.0456135411290046,-0.1325641923517986,-0.0028317614590817226,0.34919515567902193,-0.5370166445547537,0.042683604268657374,-0.16540274570924365,0.4961213727180782,0.8193902910928971,-0.35369832930710277,-1.8731365950320407
Yb,-1.2694653417963195,0.4266181920564823,-0.10310749669996488,-0.07344107095676143,-0.37816113359449355,-0.40255899870913586,0.44626168820515516,-0.8063578679146622,0.5013641600940479,0.23584245527344733,-0.3773625015825488,1.1231479410701346,1.649830924428362,-1.1455624212879045,-0.8691673927634151,0.14980898820743524,-2.760949668864697,-0.7274842666193589,-2.4163505292579965,0.125028246625498,-0.30374869357243167,0.628792875025298,1.2969800571058787,-0.6866722166662834,-0.5420569541766823,0.2377108048462942,-0.5495124942072086,-0.09945801298742796,-0.06765182471316702,1.325460312595544,-2.421590903353649,1.3418059861275344
Lu,-1.1351354033601837,-0.11803031726052486,0.6328529216578224,-0.0453413715564041,0.4556929312034373,-0.7405480897340937,-0.19596169232719743,-1.3924861416481222,-1.2341627139718445,-0.10608369792561398,-0.8107656269619286,0.9984592324227761,-0.9441543891394595,0.1498115448585882,-0.6385411747077807,-0.9056523962565645,-0.027497231346954018,-0.18030891973815238,0.5052276187202694,-0.5787974147279674,2.879814849437023,-1.530453845762759,-0.7258576536120707,2.619755493162372,0.3128462501162979,-1.0803738623367076,0.2242356891551909,0.2524833315716713,0.8868407813188365,0.6249537894931814,-1.4127445303217987,0.14930221115219725
Hf,-0.5560423464097141,-1.0495027471795946,0.7890397750500465,0.5481176191335889,0.46366740680852075,-1.0224027207215505,-1.9109397880150067,0.22037877636403067,-1.3961667194562686,0.5213361791725767,-1.656961302440503,0.04351268499238541,-0.3414875927051773,0.83883290574642,1.2613135956634722,1.3153726189678752,-1.347554843556765,-0.7599595003709175,0.3089539383831207,-1.2918407370159708,0.00703584354072138,-0.5895451562027555,1.2141479598902765,0.02410688181724982,-1.2937392750043575,0.2755994915129117,0.4051285241886906,-1.0869255858493612,-0.5084876893778373,-0.6193711169370014,-0.38826735661291467,-0.4165670405166855
Ta,-0.35424409471558543,-1.2066765993879391,0.38455397066540753,0.6342812794365095,0.157172521699122,-0.600817803515766,-1.8727562130455258,0.6785931451985275,-1.217361653210861,0.5400908120490182,-0.8404007371463605,0.994130545396941,-0.8291771687976756,-0.1770537886097505,1.2395419316172667,1.9199824495714328,-0.9227538260173082,0.04500081795459778,-0.6334378064323848,-0.8926696420303443,-0.28313213338952226,1.3887080160847303,0.2649415300982272,0.7600026565147844,-0.6599967095251624,-1.1687139965131312,-1.9963908762852696,1.6919587386713948,0.20781506014411352,0.35298298283417756,1.058821831183919,0.04798896412800036
W,0.11347746997003129,-1.5571118099602872,-0.04096873587131602,-0.02832162237575616,-0.14268211052610222,-0.6245549710190945,-1.1638494062141642,0.2188195833302552,-0.8071835205555755,-1.289333316974198,2.3954003704066276,1.0209247826070962,-0.04865513249476653,-0.34115532235944424,-0.0806200352457854,0.029315538228470592,-0.9977475415406181,0.16079044875306053,1.4493088252852975,0.07576117019473409,-1.2285984201275377,0.8116179816190598,-0.5813911933581135,0.7984488557065001,0.3726326882133888,-0.5294054612567926,2.2544720740220745,1.1941307711404803,1.9332072528689335,-0.6057279696617421,-0.6962002658646783,-0.320243869020666
Re,0.22833633937571723,-1.6170250501960002,-0.006819791161860452,-0.2563631569524244,-0.42962671087840754,-0.09213530860839023,-0.8476632194045914,-0.2499031963612417,-1.0638419884583992,-1.0752494132144548,1.3488019767821324,2.0714229770794073,1.9938060947499001,-0.16290943146248826,-0.022350023945714524,0.7279635444035798,-0.8006254847439792,-0.06759482060667203,0.3281031657725877,1.3124462361973954,0.9262343020484195,-0.43735801832513416,-1.61338375090899,1.0971927671696073,-1.0311881605884539,-0.24856689210736269,-1.865066235003261,-1.1279904812076478,-0.14077731766328674,0.00103222409370473,0.07582955714644957,0.8204469428418416
Os,0.6076437082780803,-1.432834136100731,-0.9769453058903155,0.09413739971192887,-1.0935107749214399,0.9257851051265259,-1.0899250532011489,-1.6118639656043436,-0.024381490455604102,0.04209459772230016,-0.17667730912398735,0.2465510094947826,0.03699767738024653,1.0652943679641917,-1.145379694606977,0.2568927565232483,-0.3456815073829406,-0.227544672773297,0.6490424854547622,1.7138272369258318,0.8118070840682886,0.6769539480445104,1.1934777146319442,-1.1550563790148325,-1.6272471095602574,-1.5236908753785106,1.491622512017146,1.05638760651151,-1.2939274924603932,-0.35272994662703966,-0.5144413454993203,0.40855165799627596
Ir,0.6675518279990769,-1.3602990758866302,-1.1283273276970356,0.02908988711035897,-0.9218606703625614,0.7281737274730855,-0.5464926817219954,-1.9448165371233017,0.13180704267565144,0.24141609269802236,-0.25267576063144104,0.1508547435455208,-0.08706752779260074,1.5331638525252942,-1.0608961987849452,0.09488816420842973,0.2950972320431666,0.42752017465990133,0.5524191818937322,0.33819792447294794,0.9145492183356588,1.4023628839348592,0.662360918445951,0.169128200995879,-0.7691881419947008,0.42872062027880997,-0.5494315610752908,-0.9577047087585248,3.027740637468669,1.2278902884624996,-0.43171934517635907,0.2393223535707921
Pt,0.8084381722048255,-1.0849859493671756,-1.4240456039948186,0.23361370883795052,-1.0022932823450676,0.2313417388606143,-0.43215878647450506,-2.07396776196254,-0.5315774925775912,0.5767482316350111,0.06561960483689376,0.1480720982462296,-1.1052189271442923,0.8208355018195304,-0.5480273788737073,0.015526118847709451,0.15000971921526732,0.20655319635256758,0.29950322466043816,-0.8417818462630599,-0.648297592398166,1.1150596145115772,-0.14430575195988346,1.9707577342681157,-1.6547167993849576,2.326980364351633,-0.85828630004677,1.843710895686318,-0.8102919610485322,-1.2928445351176563,0.8335842630088941,0.6896970718370051
Au,0.9794916185581238,-0.3265263133331753,-1.9958258496114265,0.09945495525349238,-0.8870291204286017,-0.300779233975924,0.3456745917756113,-2.192207307556514,-0.6129706899797718,0.10228595378848394,0.21687766036623402,-0.3763646706321351,-0.1614489302297974,-0.8203095387593881,1.4428277761264452,0.6488177540827493,-1.3956025804486902,0.6456315492507375,0.004324308714516331,-2.261347811824272,-1.2671608159959358,-0.8189211184885644,-1.727780123628389,-0.7593711082063686,-1.5605302172918751,-0.663811527679258,0.2254624624979514,-0.9798298168035912,-0.037736807332697866,-0.06995295403088368,1.9029927072335904,0.14660610578976602
Hg,0.7682538368724418,0.05669796307388096,-1.1666953409461707,-0.21414511737708658,0.8745404233079358,-1.3983753947295061,1.596040260469302,-1.5687528070531238,-1.1799237099434197,-1.056833734507559,0.12020320314383295,-0.24347971214339287,-1.075525575770741,-1.4950526028287472,1.915654543625103,0.30927703546466434,-1.6013360668537344,0.5855951967653059,0.5780000848249749,2.61355721629133,1.8757272688489257,-0.8369215425745238,-0.024922510771954492,0.0760601161165237,0.09820395509429387,0.8260537281700895,1.3230303972569248,1.178728153214538,0.0026340909316255406,0.3000789933306875,0.8720106101075867,-0.593110076480072
Tl,0.22684836714988307,0.2345783480762795,-0.3697313862546372,0.7466988725574784,2.511713975241719,-0.958150678183522,0.15782590457403414,-0.9794261545260873,-0.879274804646133,-2.7221137158397437,0.3766324746257053,-1.0815911947813348,0.2377030922941498,-0.49931496484050064,-1.3562368917032257,-0.23056858399802274,0.4160911050489585,1.0409304977092961,-0.5376371099191644,-0.6014025070918052,-0.0004462003028478969,0.7159416963753408,0.33523681747604944,-0.36076284611880105,-1.5297638575408405,0.5372285854326162,-0.3008345550896642,0.28761408482281176,-0.08406935580607708,0.7352466697970812,0.37957480465738574,-1.0479966012682207
Pb,0.21271922090337203,0.03629961668819601,-0.7679569866314006,1.3616159760556141,1.8924224871885091,-0.7252258325529903,-0.6595694439068485,0.677875682655011,1.1705459528212319,-2.3612615437585713,-0.7999862088551715,0.3247063821449759,0.5563179589926674,0.202097918063501,0.6734125772850674,0.5062483461014752,-0.11241213619087448,-0.032901660790384084,1.5355785221264435,-0.07814563151330768,-0.40834514717709447,-0.5349875085345749,0.07266296483975143,-0.308039280379626,-1.2559904524901586,1.886274059645694,0.7134142226519106,-1.470223932313911,0.10185870012927822,-1.2514262811667616,0.38301624890843494,2.326999837991
Bi,0.39270193638503753,-0.007996868645225636,-0.9443246940527629,1.7344509063019455,1.3731966200407877,-0.7892212906204957,-0.4581309704450025,0.9760419132501442,1.433150205312253,-1.8964282677385818,-0.7425599986570256,1.0527032002114107,-1.368061932984561,-0.62891593876496,0.04526004546945017,1.5631995472093858,0.5785335577994735,0.1111579414476085,-0.055282227185056695,0.5734069341331254,0.21427558783304185,0.6548195165655497,-0.4391928037502686,-0.279053041437497,-1.0961347193252458,-0.781477049071279,0.19171072964790756,-1.7955907313569501,0.1782033272007723,-0.483958955456026,-0.3044902160635454,0.26804729253769216
Po,0.0,0.0,0.0,0.0,0.0,0.0,0.0,0.0,0.0,0.0,0.0,0.0,0.0,0.0,0.0,0.0,0.0,0.0,0.0,0.0,0.0,0.0,0.0,0.0,0.0,0.0,0.0,0.0,0.0,0.0,0.0,0.0
At,0.0,0.0,0.0,0.0,0.0,0.0,0.0,0.0,0.0,0.0,0.0,0.0,0.0,0.0,0.0,0.0,0.0,0.0,0.0,0.0,0.0,0.0,0.0,0.0,0.0,0.0,0.0,0.0,0.0,0.0,0.0,0.0
Rn,0.0,0.0,0.0,0.0,0.0,0.0,0.0,0.0,0.0,0.0,0.0,0.0,0.0,0.0,0.0,0.0,0.0,0.0,0.0,0.0,0.0,0.0,0.0,0.0,0.0,0.0,0.0,0.0,0.0,0.0,0.0,0.0
Fr,0.0,0.0,0.0,0.0,0.0,0.0,0.0,0.0,0.0,0.0,0.0,0.0,0.0,0.0,0.0,0.0,0.0,0.0,0.0,0.0,0.0,0.0,0.0,0.0,0.0,0.0,0.0,0.0,0.0,0.0,0.0,0.0
Ra,0.0,0.0,0.0,0.0,0.0,0.0,0.0,0.0,0.0,0.0,0.0,0.0,0.0,0.0,0.0,0.0,0.0,0.0,0.0,0.0,0.0,0.0,0.0,0.0,0.0,0.0,0.0,0.0,0.0,0.0,0.0,0.0
Ac,-1.3313254163385875,0.6154437659929649,-0.8313439579401486,0.16091304664329056,-0.5071129481654026,1.312634987326048,-0.5232686518591217,1.3119323242986607,0.31749064553631,-0.22896968640998142,0.7231703925368053,-0.14401551765385098,0.24184663545910653,-0.851024393995468,0.5781711555817521,-0.38312593649751137,1.579692479547478,-0.45421781709893533,1.1539295979595638,-1.157158980820922,1.1752226700727382,-1.6801289740306113,0.2949215195588749,1.3884681725089303,-0.7947977517403964,0.09595963588852213,1.9929127270558358,-1.4110775025216744,0.34734798651318527,0.6387234050753535,-1.0167337948770347,-0.9799508867501844
Th,-1.502549721489843,-0.010100281241627563,0.3375232629575262,0.6806622262324057,-0.8415673554459858,0.2566455837103614,0.7575414452364497,0.31041420234578226,0.9494084909743273,0.7526708060981708,0.901513480694614,-1.7796017333754002,0.5985117345241743,-0.4112871094005865,0.36830965929939696,1.3724929302827928,1.063760505958029,0.5454753735916823,0.6180839060098986,-0.04835321388440934,-0.010371434220943294,-0.19677701031464603,-0.2182640630648973,0.21500407217981396,-1.3432146106160572,0.0758605753373257,0.8089713916062169,0.09621326928161156,0.2844179176078232,-0.07736559375918213,0.591734730460588,0.06541394930291423
Pa,-1.3955065183802413,-0.07207850865724628,0.2373526799452608,0.7100376898579089,-1.0220790287319008,1.6337607913622636,-0.24881198627643986,1.1554239239723547,-1.496413720978381,0.6092348219795946,0.2718482596170816,-2.3934386405122017,0.24747036017583898,-0.5840561228931415,0.3157031648726661,-0.07270672209841623,0.5384034958698962,0.8968149309319243,0.11513222797929522,0.726923377117534,1.0116859680528645,0.04230185184471236,-0.3224918852257908,1.1530992521775845,-0.5705999279625381,0.11232812066246274,-0.4055294507945445,0.8470344775946064,0.3913942449450811,0.04038392194591094,0.29722832457857806,0.09257280882030819
U,-1.2503545276990005,-0.5267386355350876,0.4811598359032645,0.3932134862040379,-0.11140902771433961,0.4955006403132562,0.9519982055310844,0.20513054413668178,0.534676286410591,0.1964769745005316,1.832920208886653,-1.8498168923038945,1.1693129029936484,-1.6347738641851612,0.7974086517375065,1.376115142676281,-0.5853315329201195,-0.3779423789071267,-0.3735358149427556,0.014501006068128547,0.7433038350580373,0.3951350573144636,1.8883985481100423,0.6785274233860723,-1.266987375810401,-0.25431920817970083,-0.5639242088224407,0.6694688728881942,0.9210203583292527,-0.28708266025807505,-0.10085605170120236,0.49998056007847197
Np,-1.4438046055112805,0.033358043955067584,0.3027901220448791,0.6596938023596992,-1.2196471818304355,0.12173523697965277,0.6019838623564651,0.643951520668224,1.1873341149051442,0.7989783931972758,1.075505389671721,-1.8362005778198929,0.7011732623028166,-0.6910532240815116,-0.06083002707839042,1.312638880436953,0.7538935264883598,0.5377238458010014,0.5115338097635599,0.16812363439980704,0.2788716099633188,0.08199240110063813,-0.05428866947836048,-0.1138042113419512,-0.9264697516141827,0.318481466669945,-0.09773358035362979,-0.09768413143915713,-0.4814802148018076,-0.35986783246725995,0.31666320902136164,0.5969573221281039
Pu,-1.4656874020270076,-0.1868403900845772,0.6861913537008917,0.33138502135206327,-1.3583020335290148,0.10254347387144779,0.5314067420643515,0.4144503329399463,0.9916976128696298,1.0026899355129122,0.996267447352104,-1.9894248380979884,1.1391060494402048,-1.1928967973255737,-0.3235550521789001,0.957930658920907,-0.16359314450944554,0.7213360992913928,0.05085855990351605,0.2643160796879314,0.6935019484505446,0.41410974569346465,0.21193982420492719,0.5783736679287445,-0.7004709238043472,0.3004339291299012,0.0074951428327709345,-0.5433603706110355,-0.010211555319524057,0.18102782850875748,-0.2883453687756015,0.4456368482065616
Am,0.0,0.0,0.0,0.0,0.0,0.0,0.0,0.0,0.0,0.0,0.0,0.0,0.0,0.0,0.0,0.0,0.0,0.0,0.0,0.0,0.0,0.0,0.0,0.0,0.0,0.0,0.0,0.0,0.0,0.0,0.0,0.0
Cm,0.0,0.0,0.0,0.0,0.0,0.0,0.0,0.0,0.0,0.0,0.0,0.0,0.0,0.0,0.0,0.0,0.0,0.0,0.0,0.0,0.0,0.0,0.0,0.0,0.0,0.0,0.0,0.0,0.0,0.0,0.0,0.0
Bk,0.0,0.0,0.0,0.0,0.0,0.0,0.0,0.0,0.0,0.0,0.0,0.0,0.0,0.0,0.0,0.0,0.0,0.0,0.0,0.0,0.0,0.0,0.0,0.0,0.0,0.0,0.0,0.0,0.0,0.0,0.0,0.0
Cf,0.0,0.0,0.0,0.0,0.0,0.0,0.0,0.0,0.0,0.0,0.0,0.0,0.0,0.0,0.0,0.0,0.0,0.0,0.0,0.0,0.0,0.0,0.0,0.0,0.0,0.0,0.0,0.0,0.0,0.0,0.0,0.0
Es,0.0,0.0,0.0,0.0,0.0,0.0,0.0,0.0,0.0,0.0,0.0,0.0,0.0,0.0,0.0,0.0,0.0,0.0,0.0,0.0,0.0,0.0,0.0,0.0,0.0,0.0,0.0,0.0,0.0,0.0,0.0,0.0
Fm,0.0,0.0,0.0,0.0,0.0,0.0,0.0,0.0,0.0,0.0,0.0,0.0,0.0,0.0,0.0,0.0,0.0,0.0,0.0,0.0,0.0,0.0,0.0,0.0,0.0,0.0,0.0,0.0,0.0,0.0,0.0,0.0
Md,0.0,0.0,0.0,0.0,0.0,0.0,0.0,0.0,0.0,0.0,0.0,0.0,0.0,0.0,0.0,0.0,0.0,0.0,0.0,0.0,0.0,0.0,0.0,0.0,0.0,0.0,0.0,0.0,0.0,0.0,0.0,0.0
No,0.0,0.0,0.0,0.0,0.0,0.0,0.0,0.0,0.0,0.0,0.0,0.0,0.0,0.0,0.0,0.0,0.0,0.0,0.0,0.0,0.0,0.0,0.0,0.0,0.0,0.0,0.0,0.0,0.0,0.0,0.0,0.0
Lr,0.0,0.0,0.0,0.0,0.0,0.0,0.0,0.0,0.0,0.0,0.0,0.0,0.0,0.0,0.0,0.0,0.0,0.0,0.0,0.0,0.0,0.0,0.0,0.0,0.0,0.0,0.0,0.0,0.0,0.0,0.0,0.0
